äºº,äºº person  ã‚¸ãƒ³  ãƒ‹ãƒ³  ã²ã¨
ä¸€,ä¸€ one  ã‚¤ãƒ  ã‚¤ãƒ„  ã²ã¨.ã¤  ã²ã¨-
æ—¥,æ—¥ sun; day  ãƒ‹ãƒ  ã‚¸ãƒ„  ã²  -ã‹
å¤§,å¤§ big  ãƒ€ã‚¤  ã‚¿ã‚¤  ãŠãŠ.ãã„  ãŠãŠ.ã„ã« very much  ãŠãŠ-
å¹´,å¹´ year  ãƒãƒ³  ã¨ã—
å‡º,"å‡º go out  ã‚·ãƒ¥ãƒ„  ã‚¹ã‚¤  ã .ã™ to take out, to put out  ã§.ã‚‹ to go out, to exit"
æœ¬,æœ¬ book  ãƒ›ãƒ³  ã‚‚ã¨ origin
ä¸­,ä¸­ middle  ãƒãƒ¥ã‚¦  ã‚¸ãƒ¥ã‚¦  ãªã‹
å­,å­ child  ã‚·  ã‚¹  ã“
è¦‹,è¦‹ see  ã‚±ãƒ³  ã¿.ã‚‹ to see  ã¿.ãˆã‚‹ to be seen; to appear  ã¿.ã›ã‚‹ to show
å›½,å›½ country  ã‚³ã‚¯  ãã«
è¨€,"è¨€ say; word  ã‚²ãƒ³  ã‚´ãƒ³  ã“ã¨ word, saying  ã„.ã† to say"
ä¸Š,"ä¸Š above  ã‚¸ãƒ§ã‚¦  ã‚·ãƒ§ã‚¦  ã†ãˆ  ã†ã‚-  ã‚.ã’ã‚‹ to raise  ã‚.ãŒã‚‹ to rise  ã‹ã¿ first half, upper part  ã®ã¼.ã‚‹ to climb  ã®ã¼.ã›ã‚‹ to bring up, to raise  ã®ã¼.ã™ to bring up"
åˆ†,"åˆ† divide  ãƒ–ãƒ³  ãƒ–  ãƒ•ãƒ³  ã‚.ã‘ã‚‹ to divide, to distinguish  ã‚.ã‹ã‚‹ to understand  ã‚.ã‹ã‚Œã‚‹ to be divided  ã‚.ã‹ã¤ to share, distribute"
ç”Ÿ,"ç”Ÿ life  ã‚»ã‚¤  ã‚·ãƒ§ã‚¦  ãªã¾ raw  ã„.ã‹ã™ to enliven  ã„.ãã‚‹ to live  ã„.ã‘ã‚‹ to arrange flowers  ã†.ã¾ã‚Œã‚‹ to be born  ã†.ã‚€ to give birth to  ã pure, undiluted  ãŠ.ã† to grow, to sprout  ã¯.ãˆã‚‹ to grow, to sprout  ã¯.ã‚„ã™ to grow, cultivate"
æ‰‹,æ‰‹ hand  ã‚·ãƒ¥  ã¦  ãŸ-
è‡ª,è‡ª self  ã‚¸  ã‚·  ã¿ãšã‹.ã‚‰
è¡Œ,è¡Œ to go  ã‚³ã‚¦  ã‚®ãƒ§ã‚¦  ã‚¢ãƒ³  ã‚†.ã  ã„.ã  ãŠã“ãª.ã† to take place
è€…,"è€… person  ã‚·ãƒ£  ã‚‚ã® person, someone"
äºŒ,äºŒ two  ãƒ‹  ãµãŸ.ã¤  ãµãŸ
é–“,"é–“ interval  ã‚«ãƒ³  ã‚±ãƒ³  ã‚ã„ã  interval, between  ã¾ space, room"
äº‹,äº‹ thing  ã‚¸  ã‚º  ã“ã¨ thing; matter
æ€,æ€ think  ã‚·  ãŠã‚‚.ã† to think
æ™‚,"æ™‚ time  ã‚¸  ã¨ã time, occasion"
æ°—,æ°— spirit  ã‚­  ã‚±
ä¼š,ä¼š meet  ã‚«ã‚¤  ã‚¨  ã‚.ã† to meet
å,å ten  ã‚¸ãƒ¥ã‚¦  ã‚¸ãƒƒ  ã¨  ã¨ãŠ
å®¶,å®¶ house  ã‚«  ã‚±  ã„ãˆ  ã‚„
å¥³,å¥³ woman; female  ã‚¸ãƒ§  ãƒ‹ãƒ§  ãƒ‹ãƒ§ã‚¦  ãŠã‚“ãª woman  ã‚ woman
ä¸‰,ä¸‰ three  ã‚µãƒ³  ã¿  ã¿ã£.ã¤
å‰,å‰ before  ã‚¼ãƒ³  ã¾ãˆ
çš„,çš„ target  ãƒ†ã‚­  ã¾ã¨
æ–¹,"æ–¹ way  ãƒ›ã‚¦  ã‹ãŸ way, direction"
å…¥,å…¥ enter  ãƒ‹ãƒ¥ã‚¦  ã„.ã‚‹ to enter  ã¯ã„.ã‚‹ to enter  ã„.ã‚Œã‚‹ to put in
å°,å° small  ã‚·ãƒ§ã‚¦  ã“-  ãŠ-  ã¡ã„.ã•ã„
åœ°,åœ° ground  ãƒ  ã‚¸
åˆ,"åˆ fit  ã‚´ã‚¦  ã‚¬ãƒƒ  ã‚«ãƒƒ  ã‚.ã† to fit, come together  ã‚.ã‚ã™ to match  ã‚.ã‚ã›ã‚‹ to unite, join"
å¾Œ,å¾Œ after  ã‚´  ã‚³ã‚¦  ã®ã¡  ã‚ã¨ afterwards  ã†ã—.ã‚ behind  ãŠã.ã‚Œã‚‹ be late
ç›®,ç›® eye  ãƒœã‚¯  ãƒ¢ã‚¯  ã¾-  ã‚
é•·,é•· long  ãƒãƒ§ã‚¦  ãªãŒ.ã„
å ´,å ´ place  ã‚¸ãƒ§ã‚¦  ã°
ä»£,"ä»£ replace  ã‚¿ã‚¤  ãƒ€ã‚¤  ã‹.ãˆã‚‹ to replace, to exchange  ã‹.ã‚ã‚‹ to be exchanged  ã‚ˆ the world  ã—ã‚ substitute"
ç§,"ç§ I  ã‚·  ã‚ãŸãã—  ã‚ãŸã— I, myself"
ä¸‹,"ä¸‹ below  ã‚«  ã‚²  ã—ãŸ below, under  ã—ã‚‚ bottom part  ã‚‚ã¨ under (influence)  ã•.ã’ã‚‹ to lower, to reduce  ã•.ãŒã‚‹ to be lowered  ãã .ã‚‹ to descend  ãã .ã™ to judge  ãã .ã•ã‚‹ to give  ãŠ.ã‚ã™ to drop off (passenger)  ãŠ.ã‚Šã‚‹ to get off (train)"
ç«‹,ç«‹ stand  ãƒªãƒ„  ãƒªãƒ¥ã‚¦  ãŸ.ã¤ to stand  ãŸ.ã¦ã‚‹ to build
éƒ¨,éƒ¨ part  ãƒ–
å­¦,å­¦ learn  ã‚¬ã‚¯  ã¾ãª.ã¶ to learn
ç‰©,ç‰© thing  ãƒ–ãƒ„  ãƒ¢ãƒ„  ã‚‚ã®
æœˆ,æœˆ month; moon  ã‚¬ãƒ„  ã‚²ãƒ„  ã¤ã
ç”°,ç”° rice field  ãƒ‡ãƒ³  ãŸ
ä½•,ä½• what  ã‚«  ãªã«  ãªã‚“ what?
æ¥,æ¥ come  ãƒ©ã‚¤  ã.ã‚‹ to come  ããŸ.ã‚‹ to be forthcoming  ããŸ.ã™ to induce
å½¼,å½¼ he  ãƒ’  ã‹ã‚Œ
è©±,è©± talk  ãƒ¯  ã¯ãª.ã™ to talk  ã¯ãªã— talking
ä½“,ä½“ body  ã‚¿ã‚¤  ãƒ†ã‚¤  ã‹ã‚‰ã 
å‹•,"å‹• move  ãƒ‰ã‚¦  ã†ã”.ã to move, to stir  ã†ã”.ã‹ã™ to shift, to move"
ç¤¾,ç¤¾ company  ã‚·ãƒ£  ã‚„ã—ã‚ Shinto shrine
çŸ¥,çŸ¥ know  ãƒ  ã—.ã‚‹ to know
ç†,ç† logic  ãƒª
å±±,å±± mountain  ã‚µãƒ³  ã‚„ã¾
å†…,å†… inside  ãƒŠã‚¤  ãƒ€ã‚¤  ã†ã¡
åŒ,åŒ same  ãƒ‰ã‚¦  ãŠãª.ã˜
å¿ƒ,å¿ƒ heart  ã‚·ãƒ³  ã“ã“ã‚
ç™º,ç™º emission  ãƒãƒ„  ãƒ›ãƒ„
é«˜,"é«˜ expensive; high  ã‚³ã‚¦  ãŸã‹  ãŸã‹.ã„ expensive, tall, high  ãŸã‹.ã¾ã‚‹ to be elevated  ãŸã‹.ã‚ã‚‹ to promote, heighten"
å®Ÿ,"å®Ÿ fruit; reality  ã‚¸ãƒ„  ã¿ fruit, nut  ã¿ã®.ã‚‹ to bear fruit"
ä½œ,ä½œ make  ã‚µã‚¯  ã‚µ  ã¤ã.ã‚‹ to make
å½“,å½“ hit  ãƒˆã‚¦  ã‚.ã¦ã‚‹  ã‚.ãŸã‚‹ to hit
æ–°,æ–° new  ã‚·ãƒ³  ã‚ãŸã‚‰.ã—ã„  ã‚ã‚‰.ãŸ  ã«ã„-
ä¸–,ä¸– world  ã‚»  ã‚»ã‚¤  ã‚ˆ the world
ä»Š,ä»Š now  ã‚³ãƒ³  ã‚­ãƒ³  ã„ã¾
æ›¸,æ›¸ write  ã‚·ãƒ§  ã‹.ã to write
åº¦,"åº¦ degree  ãƒ‰  ãƒˆ  ã‚¿ã‚¯  ãŸã³ occasion, time"
æ˜,æ˜ bright  ãƒ¡ã‚¤  ãƒŸãƒ§ã‚¦  ã‚.ã‹ã‚Š light  ã‚ã‹.ã‚‹ã„  ã‚ã‹.ã‚‹ã‚€ to brighten  ã‚ã‹.ã‚‰ã‚€ to become luminous (at dawn)  ã‚ã.ã‚‰ã‹ obvious  ã‚.ã‹ã™ to lay bare  ã‚.ã to open  ã‚.ã‘ã‚‹ to empty
äº”,äº” five  ã‚´  ã„ã¤-  ã„ã¤.ã¤
æˆ¦,"æˆ¦ battle  ã‚»ãƒ³  ã„ãã• battle, war  ãŸãŸã‹.ã† to do battle"
åŠ›,åŠ› effort  ãƒªãƒ§ã‚¯  ãƒªã‚­  ã¡ã‹ã‚‰ effort; power
å,å name  ãƒ¡ã‚¤  ãƒŸãƒ§ã‚¦  ãª
é‡‘,é‡‘ gold  ã‚­ãƒ³  ã‚³ãƒ³  ã‹ã­ gold; money
æ€§,æ€§ sex  ã‚»ã‚¤  ã‚·ãƒ§ã‚¦
å¯¾,å¯¾ vis-a-vis  ã‚¿ã‚¤  ãƒ„ã‚¤
æ„,æ„ idea  ã‚¤
ç”¨,ç”¨ to use  ãƒ¨ã‚¦  ã‚‚ã¡.ã„ã‚‹
ç”·,"ç”· male  ãƒ€ãƒ³  ãƒŠãƒ³  ãŠã¨ã“ male, man"
ä¸»,ä¸» master  ã‚·ãƒ¥  ã‚¹  ã¬ã— landlord  ãŠã‚‚ main
é€š,é€š pass through  ãƒ„  ãƒ„ã‚¦  ã¨ãŠ.ã‚‹ to pass through  ã¨ãŠ.ã™ to let pass  ã‹ã‚ˆ.ã† to commute
é–¢,é–¢ barrier  ã‚«ãƒ³  ã›ã  ã‹ã‹.ã‚ã‚‹ to be connected
æ–‡,æ–‡ literature  ãƒ–ãƒ³  ãƒ¢ãƒ³  ãµã¿ a letter
å±‹,å±‹ roof  ã‚ªã‚¯  ã‚„
æ„Ÿ,æ„Ÿ feelings  ã‚«ãƒ³
éƒ,éƒ husband  ãƒ­ã‚¦
æ¥­,"æ¥­ profession  ã‚®ãƒ§ã‚¦  ã‚´ã‚¦  ã‚ã– deed, act"
å®š,"å®š determined  ãƒ†ã‚¤  ã‚¸ãƒ§ã‚¦  ã•ã .ã‹ decidedly, truly  ã•ã .ã‚ã‚‹ to decide, determine  ã•ã .ã¾ã‚‹ to be determined"
æ”¿,æ”¿ government  ã‚»ã‚¤  ã‚·ãƒ§ã‚¦  ã¾ã¤ã‚Šã”ã¨
æŒ,"æŒ hold  ã‚¸  ã‚‚.ã¤ to hold, to have"
é“,é“ road  ãƒ‰ã‚¦  ãƒˆã‚¦  ã¿ã¡
å¤–,"å¤– outside  ã‚¬ã‚¤  ã‚²  ãã¨  ã»ã‹ other  ã¯ãš.ã™ to remove, mislead  ã¯ãš.ã‚Œã‚‹ to come off, to miss"
å–,å– take  ã‚·ãƒ¥  ã¨.ã‚‹ to take
æ‰€,æ‰€ place  ã‚·ãƒ§  ã¨ã“ã‚
ç¾,ç¾ present  ã‚²ãƒ³  ã‚ã‚‰ã‚.ã‚Œã‚‹ to appear  ã‚ã‚‰ã‚.ã™ to show
æœ€,æœ€ most  ã‚µã‚¤  ã‚‚ã£ã¨.ã‚‚
åŒ–,åŒ– change  ã‚«  ã‚±  ã°.ã‘ã‚‹ to change
å››,å›› four  ã‚·  ã‚ˆ  ã‚ˆ.ã¤  ã‚ˆã£.ã¤  ã‚ˆã‚“
å…ˆ,å…ˆ ahead  ã‚»ãƒ³  ã•ã
æ°‘,æ°‘ people  ãƒŸãƒ³  ãŸã¿
èº«,"èº« body  ã‚·ãƒ³  ã¿ body, person"
ä¸,ä¸ not  ãƒ•  ãƒ–
å£,å£ mouth  ã‚³ã‚¦  ã‚¯  ãã¡
å·,å· river  ã‚»ãƒ³  ã‹ã‚
æ±,æ± east  ãƒˆã‚¦  ã²ãŒã—
ç›¸,ç›¸ minister  ã‚½ã‚¦  ã‚·ãƒ§ã‚¦  ã‚ã„- mutual
å¤š,å¤š many  ã‚¿  ãŠãŠ.ã„
æ³•,æ³• method  ãƒ›ã‚¦  ãƒãƒƒ  ãƒ›ãƒƒ
å…¨,å…¨ every  ã‚¼ãƒ³  ã¾ã£ãŸ.ã entirely  ã™ã¹.ã¦ everything
è,"è listen  ãƒ–ãƒ³  ãƒ¢ãƒ³  ã.ã to listen, to hear  ã.ã“ãˆã‚‹ to be heard"
æƒ…,æƒ… emotion  ã‚¸ãƒ§ã‚¦  ã‚»ã‚¤  ãªã•.ã‘ emotion; circumstances
é‡,é‡ field  ãƒ¤  ã®
è€ƒ,"è€ƒ think  ã‚³ã‚¦  ã‹ã‚“ãŒ.ãˆã‚‹ to think about, consider"
å‘,å‘ confront  ã‚³ã‚¦  ã‚€.ã‹ã† to confront  ã‚€.ã to turn towards  ã‚€.ã“ã† opposite direction  ã‚€.ã‘ã‚‹ to direct towards
å¹³,å¹³ flat  ãƒ˜ã‚¤  ãƒ“ãƒ§ã‚¦  ãŸã„.ã‚‰  ã²ã‚‰ ordinary; flat
æˆ,"æˆ become  ã‚»ã‚¤  ã‚¸ãƒ§ã‚¦  ãª.ã‚‹ to become  ãª.ã™ to perform, to accomplish"
è»,è» army  ã‚°ãƒ³
é–‹,é–‹ open  ã‚«ã‚¤  ã‚.ã to (be) open  ã‚.ã‘ã‚‹  ã²ã‚‰.ã to open (something)  ã²ã‚‰.ã‘ã‚‹ to open out (eg view)
æ•™,æ•™ teach  ã‚­ãƒ§ã‚¦  ãŠã—.ãˆã‚‹ to teach  ãŠã.ã‚ã‚‹ to be taught
çµŒ,çµŒ elapse  ã‚±ã‚¤  ã‚­ãƒ§ã‚¦  ã¸.ã‚‹ to elapse
ä¿¡,ä¿¡ trust  ã‚·ãƒ³
è¿‘,è¿‘ close  ã‚­ãƒ³  ã¡ã‹.ã„
ä»¥,ä»¥ or  ã‚¤
èª,"èª talk  ã‚´  ã‹ãŸ.ã‚‹ to talk, relate  ã‹ãŸ.ã‚‰ã† to talk together, chat"
é¢,"é¢ mask  ãƒ¡ãƒ³  ãŠã‚‚ã¦ mask, features, surface  ãŠã‚‚ surface  ã¤ã‚‰ face"
é€£,"é€£ take  ãƒ¬ãƒ³  ã¤.ã‚Œã‚‹ to take, to lead  ã¤ã‚‰.ã­ã‚‹ to line up  ã¤ã‚‰.ãªã‚‹ to extend"
å•,å• question  ãƒ¢ãƒ³  ã¨.ã„  ã¨.ã† to ask  ã¨ã‚“ wholesale
åŸ,åŸ meadow  ã‚²ãƒ³  ã¯ã‚‰
é¡”,é¡” face  ã‚¬ãƒ³  ã‹ãŠ
æ­£,"æ­£ correct  ã‚»ã‚¤  ã‚·ãƒ§ã‚¦  ãŸã .ã—ã„  ãŸã .ã™ to correct  ã¾ã• precise, exact"
æ©Ÿ,æ©Ÿ machine  ã‚­  ã¯ãŸ loom
ä¹,ä¹ nine  ã‚¯  ã‚­ãƒ¥ã‚¦  ã“ã“ã®.ã¤
æ¬¡,æ¬¡ next  ã‚¸  ã‚·  ã¤ã  ã¤.ã to come after
æ•°,æ•° number  ã‚¹ã‚¦  ã‚¹  ã‹ãš  ã‹ã.ãˆã‚‹ to count
ç¾,ç¾ beautiful  ãƒ“  ã†ã¤ã.ã—ã„
å›,å› revolve  ã‚«ã‚¤  ã‚¨  ã¾ã‚.ã‚‹ to revolve  ã¾ã‚.ã™ to make turn
é£Ÿ,é£Ÿ eat; food  ã‚·ãƒ§ã‚¯  ã‚¸ã‚­  ãŸ.ã¹ã‚‹ to eat  ã.ã† to eat
è¡¨,"è¡¨ surface  ãƒ’ãƒ§ã‚¦  ãŠã‚‚ã¦ surface, front  ã‚ã‚‰ã‚.ã™ to show, to represent  ã‚ã‚‰ã‚.ã‚Œã‚‹ to be present, to appear"
å…«,å…« eight  ãƒãƒ  ã‚„  ã‚„.ã¤  ã‚ˆã†
å£°,å£° voice  ã‚»ã‚¤  ã‚·ãƒ§ã‚¦  ã“ãˆ  ã“ã‚-
æ°´,æ°´ water  ã‚¹ã‚¤  ã¿ãš
å ±,"å ± report  ãƒ›ã‚¦  ã‚€ã.ã„ã‚‹ to compensate, remunerate  ğŸ‘Œã‚€ã.ã„ reward, recompense"
çœŸ,çœŸ truth  ã‚·ãƒ³  ã¾ exactly; deep
å‘³,å‘³ taste  ãƒŸ  ã‚ã˜  ã‚ã˜.ã‚ã† to taste
ç•Œ,ç•Œ world  ã‚«ã‚¤
ç„¡,ç„¡ not  ãƒ   ãƒ–  ãª.ã„
å°‘,å°‘ few  ã‚·ãƒ§ã‚¦  ã™ã“.ã— a little  ã™ã.ãªã„
è¦,è¦ need  ãƒ¨ã‚¦  ã„.ã‚‹ to need  ã‹ãªã‚ pivotal point
æµ·,æµ· ocean  ã‚«ã‚¤  ã†ã¿
å¤‰,"å¤‰ unusual  ãƒ˜ãƒ³  ã‹.ãˆã‚‹ to alter, change  ã‹.ã‚ã‚‹ to change"
çµ,çµ bind  ã‚±ãƒ„  ã‚€ã™.ã¶  ã‚†.ã‚ãˆã‚‹ to bind  ã‚†.ã† to braid
åˆ‡,"åˆ‡ cut  ã‚»ãƒ„  ã‚µã‚¤  ã.ã‚‹ to cut  ã.ã‚Œã‚‹ to break, to snap"
é‡,"é‡ heavy  ã‚¸ãƒ¥ã‚¦  ãƒãƒ§ã‚¦  ãŠã‚‚.ã„  ã‹ã•.ãªã‚‹ to be piled up  ã‹ã•.ã­ã‚‹ to pile up  ãˆ -fold, -ply"
å¤©,å¤© heaven  ãƒ†ãƒ³  ã‚ã‚  ã‚ã¾-
ç¥,ç¥ god  ã‚·ãƒ³  ã‚¸ãƒ³  ã‹ã¿  ã‹ã‚“-  ã“ã†-
è¨˜,"è¨˜ note  ã‚­  ã—ã‚‹.ã™ to note, write down"
æœ¨,æœ¨ tree  ãƒ¢ã‚¯  ãƒœã‚¯  ã  ã“-
é›†,é›† gather  ã‚·ãƒ¥ã‚¦  ã‚ã¤.ã‚ã‚‹ to gather  ã‚ã¤.ã¾ã‚‹  ã¤ã©.ã† to assemble
å’Œ,"å’Œ peace  ãƒ¯  ã‚ª  ãªã”.ã‚€ to be calmed down  ãªã”.ã‚„ã‹ calm, gentle  ã‚„ã‚.ã‚‰ã to be softened  ã‚„ã‚.ã‚‰ã’ã‚‹ to soften; to alleviate"
å“¡,å“¡ employee  ã‚¤ãƒ³
å¼•,å¼• pull  ã‚¤ãƒ³  ã².ã to pull  ã².ã‘ã‚‹ to be over
å…¬,"å…¬ official  ã‚³ã‚¦  ãŠãŠã‚„ã‘ official, public"
ç”»,ç”» draw  ã‚¬  ã‚«ã‚¯
æ­»,æ­» death  ã‚·  ã—.ã¬ die
å®‰,å®‰ peaceful  ã‚¢ãƒ³  ã‚„ã™.ã„ peaceful; cheap
å…µ,å…µ soldier  ãƒ˜ã‚¤  ãƒ’ãƒ§ã‚¦
è¦ª,"è¦ª parent  ã‚·ãƒ³  ãŠã‚„  ã—ãŸ.ã—ã„ close, intimate  ã—ãŸ.ã—ã‚€ to befriend, grow close to"
å…­,å…­ six  ãƒ­ã‚¯  ã‚€ã£.ã¤  ã‚€.ã¤  ã‚€ã„  ã‚€
æ²»,æ²» govern  ã‚¸  ãƒ  ãŠã•.ã‚ã‚‹ to govern  ãŠã•.ã¾ã‚‹ to be at peace  ãªãŠ.ã‚‹ to get better  ãªãŠ.ã™ to cure
æ±º,æ±º decide  ã‚±ãƒ„  ã.ã‚ã‚‹ to decide  ã.ã¾ã‚‹ to be decided
å¤ª,"å¤ª fat  ã‚¿  ã‚¿ã‚¤  ãµã¨.ã„  ãµã¨.ã‚‹ to get fat, to put on weight"
æ°,æ° family  ã‚·  ã†ã˜ family name
è¡›,è¡› defense  ã‚¨ã‚¤
å¼·,"å¼· strong  ã‚­ãƒ§ã‚¦  ã‚´ã‚¦  ã¤ã‚ˆ.ã„  ã¤ã‚ˆ.ã¾ã‚‹ to get stronger  ã¤ã‚ˆ.ã‚ã‚‹ to strengthen  ã—.ã„ã‚‹ to compel, to force"
ä½¿,ä½¿ use  ã‚·  ã¤ã‹.ã† to use
è¾¼,è¾¼ crowded  ã“.ã‚€ to be crowded  ã“.ã‚ã‚‹ to load; to include
æœ,æœ morning  ãƒãƒ§ã‚¦  ã‚ã•
å—,"å— receive  ã‚¸ãƒ¥  ã†.ã‘ã‚‹ to receive, to accept  ã†.ã‹ã‚‹ to pass (an exam)"
å³¶,å³¶ island  ãƒˆã‚¦  ã—ã¾
è§£,"è§£ untie  ã‚«ã‚¤  ã‚²  ã¨.ã to untie, solve, resolve  ã¨.ã‘ã‚‹ to come undone, disappear  ã¨.ã‹ã™ to melt, dissolve"
å¸‚,å¸‚ market  ã‚·  ã„ã¡
æœŸ,æœŸ period of time  ã‚­  ã‚´
æ§˜,æ§˜ Mr  ãƒ¨ã‚¦  ã•ã¾ Mr / Mrs
æ‘,æ‘ village  ã‚½ãƒ³  ã‚€ã‚‰
æ´»,æ´» activity  ã‚«ãƒ„
é ­,é ­ head  ãƒˆã‚¦  ãƒˆ  ã‚º  ã‚ãŸã¾  ã‹ã—ã‚‰
é¡Œ,é¡Œ topic  ãƒ€ã‚¤
ä¸‡,"ä¸‡ 10,000  ãƒãƒ³  ãƒãƒ³"
çµ„,"çµ„ join forces  ã‚½  ã.ã‚€ to join forces, put together  ãã¿  -ãã¿ class(es), set(s)"
ä»•,ä»• attend to  ã‚·  ã‚¸  ã¤ã‹.ãˆã‚‹ to attend to
ç™½,ç™½ white  ãƒã‚¯  ã—ã‚.ã„  ã—ã‚  ã—ã‚‰-
æŒ‡,æŒ‡ finger  ã‚·  ã‚†ã³  ã•.ã™ to point
èª¬,"èª¬ explain  ã‚»ãƒ„  ã‚¼ã‚¤  ã¨.ã to explain, persuade"
ä¸ƒ,ä¸ƒ seven  ã‚·ãƒ  ãªãª.ã¤  ãªãª  ãªã®
èƒ½,èƒ½ ability  ãƒã‚¦
äº¬,äº¬ capital  ã‚­ãƒ§ã‚¦  ã‚±ã‚¤
è‘‰,è‘‰ leaf  ãƒ¨ã‚¦  ã¯ leaves
ç¬¬,ç¬¬ number  ãƒ€ã‚¤
æµ,"æµ flow  ãƒ«  ãƒªãƒ¥ã‚¦  ãªãŒ.ã‚Œã‚‹ to flow  ãªãŒ.ã™ to pour out, to flush"
ç„¶,ç„¶ resemble  ã‚¼ãƒ³  ãƒãƒ³
åˆ,åˆ first  ã‚·ãƒ§  ã¯ã¤  ã†ã„-  ã¯ã˜.ã‚ beginning  -ã.ã‚ first doing of
è¶³,è¶³ foot  ã‚½ã‚¯  ã‚ã— foot; leg  ãŸ.ã™ to add  ãŸ.ã‚‹  ãŸ.ã‚Šã‚‹ to be sufficient
å††,å†† circle; yen  ã‚¨ãƒ³  ã¾ã‚‹.ã„ round
åœ¨,åœ¨ exist  ã‚¶ã‚¤  ã‚.ã‚‹ to exist
é–€,é–€ gate  ãƒ¢ãƒ³  ã‹ã©
èª¿,"èª¿ investigate  ãƒãƒ§ã‚¦  ã—ã‚‰.ã¹ã‚‹ to investigate  ã¨ã¨ã®.ã† to be arranged, to be in order  ã¨ã¨ã®.ãˆã‚‹ to adjust, tune"
ç¬‘,ç¬‘ laugh  ã‚·ãƒ§ã‚¦  ã‚ã‚‰.ã† to laugh  ãˆ.ã‚€ to smile
å“,å“ goods  ãƒ’ãƒ³  ã—ãª
é›»,é›» electricity  ãƒ‡ãƒ³
è­°,è­° deliberation  ã‚®
ç›´,ç›´ honest  ãƒãƒ§ã‚¯  ã‚¸ã‚­  ãªãŠ.ã™ to correct  ãªãŠ.ã‚‹ to be cured  ãŸã .ã¡ã« immediately
ç€,ç€ arrive  ãƒãƒ£ã‚¯  ã‚¸ãƒ£ã‚¯  ã¤.ã to arrive  ã¤.ã‘ã‚‹ to attach  ã.ã‚‹ to wear  ã.ã›ã‚‹ to make wear
ä¿,"ä¿ protect  ãƒ›  ãŸã‚‚.ã¤ to protect, safeguard"
åˆ¥,åˆ¥ separated  ãƒ™ãƒ„  ã‚ã‹.ã‚Œã‚‹ to be separated
å¤«,å¤« husband  ãƒ•  ãƒ•ã‚¦  ãŠã£ã¨
éŸ³,éŸ³ sound  ã‚ªãƒ³  ã‚¤ãƒ³  ãŠã¨  ã­
é¸,é¸ choose  ã‚»ãƒ³  ãˆã‚‰.ã¶
å…ƒ,å…ƒ origin; original  ã‚²ãƒ³  ã‚¬ãƒ³  ã‚‚ã¨ origin
æ¨©,æ¨© right  ã‚±ãƒ³  ã‚´ãƒ³
ç‰¹,ç‰¹ special  ãƒˆã‚¯
ç¾©,ç¾© honour; meaning  ã‚®
çˆ¶,çˆ¶ father  ãƒ•  ã¡ã¡
åˆ©,åˆ© effective  ãƒª  ã.ã to be effective
åˆ¶,åˆ¶ system  ã‚»ã‚¤
ç¶š,ç¶š continue  ã‚¾ã‚¯  ã¤ã¥.ã to continue  ã¤ã¥.ã‘ã‚‹ to carry on with
é¢¨,é¢¨ wind  ãƒ•  ãƒ•ã‚¦  ã‹ãœ  ã‹ã–-
åŒ—,åŒ— north  ãƒ›ã‚¯  ããŸ
çŸ³,çŸ³ stone  ã‚»ã‚­  ã‚·ãƒ£ã‚¯  ã‚³ã‚¯  ã„ã—
è»Š,è»Š car  ã‚·ãƒ£  ãã‚‹ã¾
é€²,"é€² advance  ã‚·ãƒ³  ã™ã™.ã‚€ to advance  ã™ã™.ã‚ã‚‹ to promote, push"
å¤œ,å¤œ night  ãƒ¤  ã‚ˆã‚‹  ã‚ˆ
ä¼,"ä¼ tell  ãƒ‡ãƒ³  ã¤ãŸ.ãˆã‚‹ to tell, transmit  ã¤ãŸ.ã‚ã‚‹ to be handed down  ã¤ãŸ.ã† to go along"
æ¯,æ¯ mother  ãƒœ  ã¯ã¯
åŠ ,"åŠ  add  ã‚«  ãã‚.ãˆã‚‹ to add to  ãã‚.ã‚ã‚‹ to join, to be added to"
åŠ©,"åŠ© help  ã‚¸ãƒ§  ã™ã‘  ãŸã™.ã‘ã‚‹ to help, save  ãŸã™.ã‹ã‚‹ to be helped"
ç‚¹,ç‚¹ spot  ãƒ†ãƒ³
ç”£,ç”£ giving birth  ã‚µãƒ³  ã†.ã‚€ to give birth to  ã†.ã¾ã‚Œã‚‹ to be born  ã†ã¶- newborn
å‹™,å‹™ work  ãƒ   ã¤ã¨.ã‚ã‚‹ to work  ã¤ã¨.ã¾ã‚‹ to be fit for
ä»¶,ä»¶ affair  ã‚±ãƒ³
å‘½,å‘½ life  ãƒ¡ã‚¤  ãƒŸãƒ§ã‚¦  ã„ã®ã¡
ç•ª,ç•ª turn  ãƒãƒ³
è½,è½ fall  ãƒ©ã‚¯  ãŠ.ã¡ã‚‹ to fall  ãŠ.ã¨ã™ to drop (something)
ä»˜,"ä»˜ put in place  ãƒ•  ã¤.ã‘ã‚‹ to put in place, affix  ã¤.ã to adhere to"
å¾—,å¾— profit  ãƒˆã‚¯  ãˆ.ã‚‹  ã†.ã‚‹ to acquire
åŠ,åŠ half  ãƒãƒ³  ãªã‹.ã°
æˆ¸,æˆ¸ door  ã‚³  ã¨
å¥½,å¥½ like  ã‚³ã‚¦  ã“ã®.ã‚€  ã™.ã to like
ç©º,"ç©º empty  ã‚¯ã‚¦  ã‹ã‚‰  ã‚.ã to be empty  ã‚.ã‘ã‚‹ to empty, vacate  ãã‚‰ sky"
æœ‰,æœ‰ possess  ãƒ¦ã‚¦  ã‚¦  ã‚.ã‚‹ to possess; to exist
é•,"é• different  ã‚¤  ã¡ãŒ.ã† to be different  ã¡ãŒ.ãˆã‚‹ to change, alter, vary"
å‰,å‰ good luck  ã‚­ãƒ„  ã‚­ãƒ
æ®º,æ®º kill  ã‚µãƒ„  ã‚µã‚¤  ã‚»ãƒ„  ã“ã‚.ã™ to kill
èµ·,"èµ· wake up  ã‚­  ãŠ.ãã‚‹ to wake up, to get up  ãŠ.ã“ã‚‹ to happen  ãŠ.ã“ã™ to rouse"
é‹,é‹ carry; luck  ã‚¦ãƒ³  ã¯ã“.ã¶ to carry
ç½®,ç½® put  ãƒ  ãŠ.ã to put
æ–™,æ–™ fee  ãƒªãƒ§ã‚¦
å£«,å£« samurai  ã‚·
è¿”,"è¿” return  ãƒ˜ãƒ³  ã‹ãˆ.ã‚‹ to return, to come back  ã‹ãˆ.ã™ to return (something)"
è—¤,è—¤ wisteria  ãƒˆã‚¦  ãµã˜
è«–,è«– thesis  ãƒ­ãƒ³
æ¥½,"æ¥½ music; happy  ã‚¬ã‚¯  ãƒ©ã‚¯  ãŸã®.ã—ã„ happy, pleasant  ãŸã®.ã—ã‚€ to be happy"
éš›,éš› occasion  ã‚µã‚¤  ãã‚  -ãã‚ edge
æ­³,æ­³ years old  ã‚µã‚¤  ã‚»ã‚¤
è‰²,è‰² color  ã‚·ãƒ§ã‚¯  ã‚·ã‚­  ã„ã‚
å¸°,"å¸° return  ã‚­  ã‹ãˆ.ã‚‹ to return  ã‹ãˆ.ã™ to send back, give back"
æ­©,æ­© walk  ãƒ›  ãƒ•  ãƒ–  ã‚ã‚‹.ã  ã‚ã‚†.ã‚€ to walk
äº•,äº• well  ã‚»ã‚¤  ã‚·ãƒ§ã‚¦  ã„ a well
æ‚ª,æ‚ª bad  ã‚¢ã‚¯  ã‚ª  ã‚ã‚‹.ã„
åºƒ,"åºƒ broad  ã‚³ã‚¦  ã²ã‚.ã„  ã²ã‚.ãŒã‚‹  ã²ã‚.ã¾ã‚‹ to be wide open, spread out  ã²ã‚.ã’ã‚‹  ã²ã‚.ã‚ã‚‹ to open wide"
åº—,åº— shop  ãƒ†ãƒ³  ã¿ã›
å,"å anti  ãƒãƒ³  ãƒ›ãƒ³  ã‚¿ãƒ³  ã.ã‚‰ã™ to bend, to warp  ã.ã‚‹ to be warped, curved"
ç”º,ç”º town  ãƒãƒ§ã‚¦  ã¾ã¡
å½¢,å½¢ shape  ã‚±ã‚¤  ã‚®ãƒ§ã‚¦  ã‹ãŸã¡  ã‹ãŸ
ç™¾,ç™¾ hundred; 100  ãƒ’ãƒ£ã‚¯
å…‰,"å…‰ light  ã‚³ã‚¦  ã²ã‹ã‚Š light, sunshine  ã²ã‹.ã‚‹ to shine, twinkle"
é¦–,é¦– neck  ã‚·ãƒ¥  ãã³ neck; head
å‹,å‹ win  ã‚·ãƒ§ã‚¦  ã‹.ã¤ to win  ã¾ã•.ã‚‹ to be better than
å¿…,"å¿… certainly  ãƒ’ãƒ„  ã‹ãªã‚‰.ãš certainly, invariably"
åœŸ,"åœŸ ground; earth  ãƒ‰  ãƒˆ  ã¤ã¡ ground, earth, soil"
ä¿‚,"ä¿‚ in charge  ã‚±ã‚¤  ã‹ã‹ã‚Š charge, duty  ã‹ã‹.ã‚‹ to relate to"
ç”±,ç”± reason  ãƒ¦  ãƒ¦ã‚¦  ãƒ¦ã‚¤  ã‚ˆã—
æ„›,æ„› love  ã‚¢ã‚¤
éƒ½,"éƒ½ capital city  ãƒˆ  ãƒ„  ã¿ã‚„ã“ capital city, metropolis"
ä½,"ä½ live  ã‚¸ãƒ¥ã‚¦  ã™.ã‚€ to live, to dwell  ã™.ã¾ã† to live (concept)"
æ±Ÿ,"æ±Ÿ stream  ã‚³ã‚¦  ãˆ stream, creek"
è¥¿,è¥¿ west  ã‚»ã‚¤  ã‚µã‚¤  ã«ã—
å£²,å£² sell  ãƒã‚¤  ã†.ã‚‹ to sell  ã†.ã‚Œã‚‹ to be selling; be in demand
æ”¾,æ”¾ let go  ãƒ›ã‚¦  ã¯ãª.ã™  ã¯ãª.ã¤ to let go  ã¯ãª.ã‚Œã‚‹ to get free of  ã»ã†.ã‚‹ to throw (away)
ç¢º,ç¢º certain  ã‚«ã‚¯  ãŸã—.ã‹  ãŸã—.ã‹ã‚ã‚‹ to make certain
é,"é mistake  ã‚«  ã‚ã‚„ã¾.ã¡  ã‚ã‚„ã¾.ã¤ to slip up  ã™.ãã‚‹ to overdo, be more than  ã™.ã”ã™ to pass, spend"
å¼µ,å¼µ stretch  ãƒãƒ§ã‚¦  ã¯.ã‚‹ to stretch
ç´„,ç´„ promise  ãƒ¤ã‚¯
é¦¬,é¦¬ horse  ãƒ  ã†ã¾  ã¾
çŠ¶,çŠ¶ condition  ã‚¸ãƒ§ã‚¦
å¾…,å¾… wait  ã‚¿ã‚¤  ã¾.ã¤ to wait
å¤,å¤ old  ã‚³  ãµã‚‹.ã„  -ãµã‚‹.ã™ to grow old
æƒ³,æƒ³ idea  ã‚½ã‚¦  ã‚½
å§‹,"å§‹ begin  ã‚·  ã¯ã˜.ã‚ã‚‹ to begin, to start (something)  ã¯ã˜.ã¾ã‚‹ to begin, to commence"
å®˜,å®˜ bureaucrat  ã‚«ãƒ³
äº¤,"äº¤ mix; mixed  ã‚³ã‚¦  ã¾.ãœã‚‹ to mix, stir  ã¾.ã–ã‚‹  ã¾.ã˜ã‚‹ to be mixed together  ã¾ã˜.ãˆã‚‹ to mix, intersperse  ã¾ã˜.ã‚ã‚‹ to intersect  ã‹.ã† to take turns  ã‹.ã‚ã™ to exchange"
èª­,èª­ read  ãƒ‰ã‚¯  ãƒˆã‚¯  ãƒˆã‚¦  ã‚ˆ.ã‚€ to read
åƒ,åƒ 1000; thousand  ã‚»ãƒ³  ã¡ 1000
ç±³,ç±³ rice  ãƒ™ã‚¤  ãƒã‚¤  ã“ã‚
é…,é… distribute  ãƒã‚¤  ãã°.ã‚‹ to distribute
è‹¥,è‹¥ young  ã‚¸ãƒ£ã‚¯  ãƒ‹ãƒ£ã‚¯  ã‚ã‹.ã„  ã‚‚.ã—ãã¯ or
çµ‚,çµ‚ end  ã‚·ãƒ¥ã‚¦  ãŠ.ã‚ã‚‹ to come to an end  ãŠ.ãˆã‚‹ to bring to an end
è³‡,è³‡ asset  ã‚·
å¸¸,"å¸¸ usual  ã‚¸ãƒ§ã‚¦  ã¤ã­ usual, normal  ã¨ã“- endless, unchanging"
æœ,"æœ result; fruit; bear fruit  ã‚«  ã¯.ãŸã™ to carry out  ã¯.ã¦ end, extremity  ã¯.ã¦ã‚‹ to come to an end"
å‘¼,å‘¼ call  ã‚³  ã‚ˆ.ã¶ to call
æ ¡,æ ¡ exam  ã‚³ã‚¦
æ­¦,æ­¦ military  ãƒ–  ãƒ 
å…±,å…± together  ã‚­ãƒ§ã‚¦  ã¨ã‚‚
è¨ˆ,"è¨ˆ arrange  ã‚±ã‚¤  ã¯ã‹.ã‚‰ã† to arrange  ã¯ã‹.ã‚‹ to measure, compute"
æ®‹,æ®‹ remain  ã‚¶ãƒ³  ã®ã“.ã‚‹ to remain behind  ã®ã“.ã™ to leave behind
åˆ¤,åˆ¤ seal  ãƒãƒ³  ãƒãƒ³
å½¹,å½¹ office  ãƒ¤ã‚¯  ã‚¨ã‚­
åŸ,åŸ castle  ã‚¸ãƒ§ã‚¦  ã—ã‚
é™¢,é™¢ institution  ã‚¤ãƒ³
ä»–,ä»– other  ã‚¿  ã»ã‹
ç·,ç· general  ã‚½ã‚¦
è¡“,è¡“ technique  ã‚¸ãƒ¥ãƒ„
æ”¯,æ”¯ support  ã‚·  ã•ã•.ãˆã‚‹ to support
é€,"é€ send  ã‚½ã‚¦  ãŠã.ã‚‹ to send, to escort"
æ—,æ— tribe  ã‚¾ã‚¯
ä¸¡,ä¸¡ both  ãƒªãƒ§ã‚¦
ä¹—,ä¹— load; power  ã‚¸ãƒ§ã‚¦  ã®.ã‚‹ to board  ã®.ã›ã‚‹ to load on
å›£,å›£ group  ãƒ€ãƒ³  ãƒˆãƒ³
æ¾,æ¾ pine tree  ã‚·ãƒ§ã‚¦  ã¾ã¤
æ˜ ,"æ˜  shine  ã‚¨ã‚¤  ã¯.ãˆã‚‹ to shine  ã†ã¤.ã‚‹ to be reflected  ã†ã¤.ã™ to reflect, project"
å¿œ,"å¿œ satisfy  ã‚ªã‚¦  ğŸ‘ŒãŠã†.ã˜ã‚‹ to satisfy, reply, comply  ã“ãŸ.ãˆã‚‹ to respond to"
æ¸ˆ,æ¸ˆ finish  ã‚µã‚¤  ã™.ã‚€ to be finished  ã™.ã¾ã™ to be through with
ç·š,ç·š line  ã‚»ãƒ³
è²·,è²· buy  ãƒã‚¤  ã‹.ã† to buy
è¨­,"è¨­ prepare  ã‚»ãƒ„  ã‚‚ã†.ã‘ã‚‹ to prepare (for), provide"
å³,å³ right  ã‚¦  ãƒ¦ã‚¦  ã¿ã
ä¾›,"ä¾› servant  ã‚­ãƒ§ã‚¦  ã‚¯  ããª.ãˆã‚‹ to make an offering  ã¨ã‚‚ servant, attendant"
æ ¼,æ ¼ status  ã‚«ã‚¯  ã‚³ã‚¦
ç—…,ç—… illness  ãƒ˜ã‚¤  ãƒ“ãƒ§ã‚¦  ã‚„ã¾ã„  ã‚„.ã‚€ to fall ill
æ‰“,æ‰“ strike  ãƒ€  ã†.ã¤ to strike
è¦–,è¦– see  ã‚·
æ—©,"æ—© early; fast  ã‚½ã‚¦  ã‚µãƒƒ  ã¯ã‚„.ã„ early  ã¯ã‚„.ã¾ã‚‹ be hasty  ã¯ã‚„.ã‚ã‚‹ to expedite, to hasten"
å‹¢,"å‹¢ vigorous  ã‚»ã‚¤  ã„ããŠ.ã„ vigour, energy"
å¾¡,å¾¡ honorific prefix  ã‚´  ã‚®ãƒ§  ãŠã‚“-
æ–­,"æ–­ refuse  ãƒ€ãƒ³  ã“ã¨ã‚.ã‚‹ to refuse, to decline  ãŸ.ã¤ to cut off"
å¼,å¼ ceremony  ã‚·ã‚­
è³ª,è³ª quality  ã‚·ãƒ„  ã‚·ãƒ  ãƒ
å¸«,å¸« teacher  ã‚·
å°,å° pedestal; platform  ãƒ€ã‚¤  ã‚¿ã‚¤
å…š,å…š party  ãƒˆã‚¦
å‘Š,å‘Š announce  ã‚³ã‚¯  ã¤.ã’ã‚‹ to announce
æ·±,æ·± deep  ã‚·ãƒ³  ãµã‹.ã„  ãµã‹.ã‚ã‚‹ to fill  ãµã‹.ã¾ã‚‹ to deepen
å­˜,å­˜ suppose  ã‚½ãƒ³  ã‚¾ãƒ³
äº‰,"äº‰ contend  ã‚½ã‚¦  ã‚ã‚‰ã.ã† to contend, to compete, to contest; to argue, to dispute"
å®¤,"å®¤ room  ã‚·ãƒ„  ã‚€ã‚ drying room, hothouse"
è¦š,"è¦š remember  ã‚«ã‚¯  ãŠã¼.ãˆã‚‹ to remember  ã•.ã‚ã‚‹ to awake  ã•.ã¾ã™ to rouse, awaken"
å²,å² history  ã‚·
å´,å´ side  ã‚½ã‚¯  ãŒã‚
é£›,é£› fly  ãƒ’  ã¨.ã¶ to fly  ã¨.ã°ã™ to let fly
å‚,"å‚ visit  ã‚µãƒ³  ã¾ã„.ã‚‹ to visit, go, come"
å¯,å¯ good; possible  ã‚«
æ…‹,æ…‹ condition  ã‚¿ã‚¤
å–¶,"å–¶ occupied  ã‚¨ã‚¤  ã„ã¨ãª.ã‚€ to be occupied with, to carry on (a business)"
åºœ,åºœ borough  ãƒ•
çª,çª poke  ãƒˆãƒ„  ã¤.ã to poke
å·»,"å·» roll up  ã‚«ãƒ³  ã¾.ã to roll (up)  ã¾ã roll, reel, volume"
å®¹,å®¹ contents  ãƒ¨ã‚¦
å§¿,"å§¿ appearance  ã‚·  ã™ãŒãŸ appearance, form, shape"
è‚²,"è‚² grow up  ã‚¤ã‚¯  ãã .ã¤ to grow up  ãã .ã¦ã‚‹  ã¯ãã.ã‚€ to raise, to rear"
ä»‹,ä»‹ mediate  ã‚«ã‚¤
å»º,å»º build  ã‚±ãƒ³  ã‚³ãƒ³  ãŸ.ã¤ to be built  ãŸ.ã¦ã‚‹ to build
å—,å— south  ãƒŠãƒ³  ãƒŠ  ã¿ãªã¿
æ§‹,"æ§‹ build  ã‚³ã‚¦  ã‹ã¾.ãˆã‚‹ to build, set up, get ready  ã‹ã¾.ã† to mind, to care about"
èª,"èª recognize  ãƒ‹ãƒ³  ã¿ã¨.ã‚ã‚‹ to recognize, to perceive, to approve of"
ä½,ä½ rank  ã‚¤  ãã‚‰ã„
é”,é” arrive  ã‚¿ãƒ„
è»¢,è»¢ roll  ãƒ†ãƒ³  ã“ã‚.ãŒã‚‹ to roll (intr.)  ã“ã‚.ãŒã™ to roll (tr.)  ã“ã‚.ã’ã‚‹ to roll about  ã“ã‚.ã¶ to fall over
å·¦,å·¦ left  ã‚µ  ã²ã ã‚Š
çš‡,çš‡ emperor  ã‚³ã‚¦  ã‚ªã‚¦
å®®,"å®® palace  ã‚¯  ã‚­ãƒ¥ã‚¦  ã‚°ã‚¦  ã¿ã‚„ palace, shrine"
å®ˆ,"å®ˆ protect  ã‚·ãƒ¥  ã‚¹  ã¾ã‚‚.ã‚‹ to protect, guard  ã‚‚ã‚Š babysitting"
æº€,"æº€ full  ãƒãƒ³  ã¿.ã¡ã‚‹ to become full  ã¿.ãŸã™ to fill, fulfill"
æ¶ˆ,æ¶ˆ extinguish  ã‚·ãƒ§ã‚¦  ã‘.ã™ to extinguish  ã.ãˆã‚‹ to go out
ä»»,ä»» responsibility  ãƒ‹ãƒ³  ã¾ã‹.ã™  ã¾ã‹.ã›ã‚‹ to entrust (to)
åŒ»,åŒ» doctor  ã‚¤
è”µ,è”µ storehouse  ã‚¾ã‚¦  ãã‚‰
æ­¢,æ­¢ stop  ã‚·  ã¨.ã‚ã‚‹ to stop  ã¨.ã¾ã‚‹ to stop
é€ ,"é€  build  ã‚¾ã‚¦  ã¤ã.ã‚‹ to build, to produce"
å±…,"å±… exist  ã‚­ãƒ§  ã„.ã‚‹ to exist, to be present"
é›¢,"é›¢ separate  ãƒª  ã¯ãª.ã‚Œã‚‹ to be separated, detached  ã¯ãª.ã™ to separate, to detach"
æ ¹,æ ¹ root  ã‚³ãƒ³  ã­
äºˆ,äºˆ previously; in advance  ãƒ¨
è·¯,è·¯ street  ãƒ­  -ã˜
å­—,å­— character  ã‚¸  ã‚ã– village section
åº§,åº§ sit  ã‚¶  ã™ã‚.ã‚‹ to sit
å·¥,å·¥ work  ã‚³ã‚¦  ã‚¯
å¯º,å¯º temple  ã‚¸  ã¦ã‚‰ Buddhist temple
åŸº,"åŸº foundation  ã‚­  ã‚‚ã¨ foundation, basis  ã‚‚ã¨ã„ cause"
å®¢,å®¢ guest  ã‚­ãƒ£ã‚¯  ã‚«ã‚¯
æ€¥,æ€¥ hurry  ã‚­ãƒ¥ã‚¦  ã„ã.ã to hurry
èˆ¹,èˆ¹ ship  ã‚»ãƒ³  ãµã­  ãµãª-
å›³,"å›³ map  ãƒˆ  ã‚º  ã¯ã‹.ã‚‹ to map, plan"
è¿½,è¿½ pursue  ãƒ„ã‚¤  ãŠ.ã† to pursue
éšŠ,éšŠ squad  ã‚¿ã‚¤
æŸ»,æŸ» investigate  ã‚µ
èƒŒ,èƒŒ back  ãƒã‚¤  ã› the back  ã›ã„ height  ãã‚€.ã to disobey  ãã‚€.ã‘ã‚‹ to turn one's face away
è¦³,è¦³ outlook  ã‚«ãƒ³
èª°,èª° who  ã ã‚Œ
é»’,é»’ black  ã‚³ã‚¯  ãã‚  ãã‚.ã„
ç´ ,ç´  element  ã‚½  ã‚¹
æ¯,æ¯ breath  ã‚½ã‚¯  ã„ã
ä¾¡,"ä¾¡ price  ã‚«  ã‚ãŸã„ price, value"
å°†,å°† commander  ã‚·ãƒ§ã‚¦
æ”¹,æ”¹ reform  ã‚«ã‚¤  ã‚ã‚‰ãŸ.ã‚ã‚‹ to reform  ã‚ã‚‰ãŸ.ã¾ã‚‹ to be renewed; to be formal
çœŒ,çœŒ prefecture  ã‚±ãƒ³
æ’ƒ,"æ’ƒ trounce  ã‚²ã‚­  ã†.ã¤ to trounce, to beat"
å¤±,å¤± lose  ã‚·ãƒ„  ã†ã—ãª.ã† to lose
æ³‰,æ³‰ spring  ã‚»ãƒ³  ã„ãšã¿
è€,è€ old  ãƒ­ã‚¦  ãŠ.ã„ã‚‹  ãµ.ã‘ã‚‹ to grow old
è‰¯,è‰¯ good  ãƒªãƒ§ã‚¦  ã‚ˆ.ã„
ç¤º,ç¤º show  ã‚¸  ã‚·  ã—ã‚.ã™ to show
æŒ¯,"æŒ¯ wield  ã‚·ãƒ³  ãµ.ã‚‹  ãµ.ã‚Œã‚‹ to wield, swing, wave  ãµ.ã‚‹ã† to wield, swing; prosper"
å·,å· nickname  ã‚´ã‚¦
åƒ,åƒ statue  ã‚¾ã‚¦
è·,è· job  ã‚·ãƒ§ã‚¯
ç‹,ç‹ king  ã‚ªã‚¦
è­˜,è­˜ knowledge  ã‚·ã‚­
è­¦,è­¦ admonish  ã‚±ã‚¤
èŠ±,èŠ± flower  ã‚«  ã¯ãª
å„ª,å„ª excel  ãƒ¦ã‚¦  ã™ã.ã‚Œã‚‹ to excel  ã‚„ã•.ã—ã„ kind
æŠ•,æŠ• throw  ãƒˆã‚¦  ãª.ã’ã‚‹ to throw (something)
è‹±,è‹± England  ã‚¨ã‚¤
ç´°,"ç´° thin  ã‚µã‚¤  ã»ã.ã„  ã»ã.ã‚‹ to get thin, taper off  ã“ã¾.ã‹  ã“ã¾.ã‹ã„ detailed, fine"
å±€,å±€ office  ã‚­ãƒ§ã‚¯
é›£,é›£ difficult  ãƒŠãƒ³  ã‚€ãšã‹.ã—ã„  ã‹ãŸ.ã„ hard
ç¨®,ç¨® variety  ã‚·ãƒ¥  ãŸã­ seed
è¨¼,è¨¼ evidence  ã‚·ãƒ§ã‚¦
èµ°,èµ° run  ã‚½ã‚¦  ã¯ã—.ã‚‹
å¿µ,å¿µ idea  ãƒãƒ³
å¯„,å¯„ draw near  ã‚­  ã‚ˆ.ã‚‹ to draw near  ã‚ˆ.ã›ã‚‹ to bring near
å•†,"å•† trader  ã‚·ãƒ§ã‚¦  ã‚ããª.ã† to trade, deal in"
é’,é’ blue  ã‚»ã‚¤  ã‚·ãƒ§ã‚¦  ã‚ãŠ-  ã‚ãŠ.ã„
è°·,è°· valley  ã‚³ã‚¯  ãŸã«
å®³,å®³ damaged  ã‚¬ã‚¤
å¥¥,"å¥¥ core  ã‚ªã‚¦  ãŠã core, inner recess"
æ´¾,æ´¾ faction  ãƒ
åƒ•,åƒ• me  ãƒœã‚¯
ä½,ä½ help  ã‚µ
é ¼,"é ¼ rely  ãƒ©ã‚¤  ãŸã‚ˆ.ã‚‹ to rely (on)  ãŸã®.ã‚‚ã—ã„ reliable  ãŸã®.ã‚€ to ask(for), entrust"
æ¨ª,æ¨ª side  ã‚ªã‚¦  ã‚ˆã“
å‹,å‹ friend  ãƒ¦ã‚¦  ã¨ã‚‚
å†,å† again  ã‚µã‚¤  ã‚µ  ãµãŸãŸ.ã³
å¢—,å¢— increase  ã‚¾ã‚¦  ã¾.ã™ to increase/grow  ãµ.ãˆã‚‹ to increase/multiply  ãµ.ã‚„ã™ to increase/augment
ç´€,ç´€ chronicle  ã‚­
çµ±,"çµ± govern  ãƒˆã‚¦  ã™.ã¹ã‚‹ to govern, to control"
ç­”,ç­” answer  ãƒˆã‚¦  ã“ãŸ.ãˆ an answer  ã“ãŸ.ãˆã‚‹ to answer
å·®,"å·® difference  ã‚µ  ã•.ã™ to put (up), to raise"
ç«,ç« fire  ã‚«  ã²  ã»-
è‹¦,è‹¦ bitter  ã‚¯  ãã‚‹.ã—ã„ painful  ãã‚‹.ã—ã‚€ to suffer  ãã‚‹.ã—ã‚ã‚‹ to torment  ã«ãŒ.ã„  ã«ãŒ.ã‚‹ to feel bitter
å™¨,å™¨ utensil  ã‚­  ã†ã¤ã‚
å,å supply  ã‚·ãƒ¥ã‚¦  ãŠã•.ã‚ã‚‹ to supply; to pay; to achieve; to obtain
æ®µ,æ®µ grade  ãƒ€ãƒ³
ç•°,ç•° different  ã‚¤  ã“ã¨
è¡€,è¡€ blood  ã‚±ãƒ„  ã¡
è­·,è­· defend  ã‚´
ç´™,ç´™ paper  ã‚·  ã‹ã¿
ä¿º,"ä¿º me  ãŠã‚Œ me, I"
æ­Œ,æ­Œ sing  ã‚«  ã†ãŸ.ã† to sing  ã†ãŸ song
æ¸¡,æ¸¡ cross  ãƒˆ  ã‚ãŸ.ã‚‹ to cross  ã‚ãŸ.ã™ to hand over
ä¸,"ä¸ grant  ãƒ¨  ã‚ãŸ.ãˆã‚‹ to grant, give, bestow"
æ³¨,æ³¨ pour  ãƒãƒ¥ã‚¦  ãã.ã to pour
æ¡,æ¡ twig  ã‚¸ãƒ§ã‚¦
æ¼”,æ¼” performance  ã‚¨ãƒ³
ç®—,ç®— calculate  ã‚µãƒ³
èµ¤,èµ¤ red  ã‚»ã‚­  ã‚·ãƒ£ã‚¯  ã‚ã‹  ã‚ã‹.ã„  ã‚ã‹.ã‚‰ã‚€ to turn red  ã‚ã‹.ã‚‰ã‚ã‚‹ to blush
å‚™,"å‚™ prepare  ãƒ“  ããª.ãˆã‚‹ to prepare, to provide for  ããª.ã‚ã‚‹ to be furnished with"
ç‹¬,ç‹¬ alone  ãƒ‰ã‚¯  ã²ã¨.ã‚Š
è±¡,è±¡ image; elephant  ã‚·ãƒ§ã‚¦  ã‚¾ã‚¦
æ¸…,"æ¸… clean  ã‚»ã‚¤  ã‚·ãƒ§ã‚¦  ãã‚ˆ.ã„ clean, clear  ãã‚ˆ.ã‚ã‚‹ purify  ãã‚ˆ.ã¾ã‚‹ be purified"
æŠ€,æŠ€ technique  ã‚®  ã‚ã–
å·,å· state  ã‚·ãƒ¥ã‚¦  ã™ sandbank
ç”³,ç”³ say  ã‚·ãƒ³  ã‚‚ã†.ã™ to say
ä¾‹,"ä¾‹ example  ãƒ¬ã‚¤  ãŸã¨.ãˆã‚‹ to illustrate, to compare  ãŸã¨.ãˆã° for example"
åƒ,åƒ work  ãƒ‰ã‚¦  ã¯ãŸã‚‰.ã to work
æ™¯,æ™¯ scenery  ã‚±ã‚¤
é ˜,é ˜ jurisdiction  ãƒªãƒ§ã‚¦
æ˜¥,æ˜¥ spring  ã‚·ãƒ¥ãƒ³  ã¯ã‚‹
æŠœ,"æŠœ extract  ãƒãƒ„  ã¬.ã to extract, pull out  ã¬.ã‘ã‚‹ to come / fall out; be omitted  ã¬.ã‹ã™ to omit  ã¬.ã‹ã‚‹ to make a blunder"
é ,é  far away  ã‚¨ãƒ³  ã‚ªãƒ³  ã¨ãŠ.ã„ far
æ©‹,æ©‹ bridge  ã‚­ãƒ§ã‚¦  ã¯ã— a bridge
æº,"æº source  ã‚²ãƒ³  ã¿ãªã‚‚ã¨ source, origin"
èŠ¸,èŠ¸ technique  ã‚²ã‚¤
å½±,å½± shadow  ã‚¨ã‚¤  ã‹ã’
å‹,å‹ model  ã‚±ã‚¤  ã‹ãŸ model; shape
çµ¶,"çµ¶ die out  ã‚¼ãƒ„  ãŸ.ãˆã‚‹ to die out  ãŸ.ã‚„ã™ to eradicate  ãŸ.ã¤ to sever, to cut off"
é¤¨,"é¤¨ building  ã‚«ãƒ³  ã‚„ã‹ãŸ castle, mansion"
çœ¼,"çœ¼ eye  ã‚¬ãƒ³  ã‚²ãƒ³  ã¾ãªã“ eye, eyeball"
é¦™,"é¦™ fragrance  ã‚³ã‚¦  ã‚­ãƒ§ã‚¦  ã‹ãŠ.ã‚Š  ã‹ãŠ.ã‚‹ to be fragrant  ã‹ scent, odour"
è² ,è²  defeat  ãƒ•  ã¾.ã‹ã™ to defeat  ã¾.ã‘ã‚‹ to be defeated  ãŠ.ã† to carry (on one's back)
ç¦,ç¦ fortune  ãƒ•ã‚¯
ä¼,"ä¼ plan  ã‚­  ãã‚ã .ã¦ã‚‹ to plan, to undertake, to attempt"
æ—…,æ—… trip  ãƒªãƒ§  ãŸã³
çƒ,çƒ ball  ã‚­ãƒ¥ã‚¦  ãŸã¾
é…’,é…’ sake  ã‚·ãƒ¥  ã•ã‘  ã•ã‹-
å›,å› you  ã‚¯ãƒ³  ãã¿
é¨“,é¨“ verification  ã‚±ãƒ³  ã‚²ãƒ³
é‡,é‡ measure  ãƒªãƒ§ã‚¦  ã¯ã‹.ã‚‹ to measure
å¯Ÿ,å¯Ÿ surmise  ã‚µãƒ„
å†™,"å†™ photo  ã‚·ãƒ£  ã†ã¤.ã™ to duplicate, to depict  ã†ã¤.ã‚‹ to be photographed"
æœ›,æœ› wish for  ãƒœã‚¦  ãƒ¢ã‚¦  ã®ã.ã‚€ to wish for
ä¹…,ä¹… long time  ã‚¯  ã‚­ãƒ¥ã‚¦  ã²ã•.ã—ã„ a long time
å©š,å©š marriage  ã‚³ãƒ³
å˜,å˜ simple  ã‚¿ãƒ³
æŠ¼,"æŠ¼ push  ã‚ªã‚¦  ãŠ.ã™ to push  ãŠ.ã•ãˆã‚‹ to check, to restrain"
å‰²,"å‰² separate  ã‚«ãƒ„  ã‚.ã‚‹ to separate, to divide  ã‚.ã‚Œã‚‹ to split apart, to crack  ã‚ã‚Š proportion, 10%  ã•.ã to cut up"
é™,"é™ limit  ã‚²ãƒ³  ã‹ã.ã‚‹ to limit, restrict"
æˆ»,æˆ» return  ãƒ¬ã‚¤  ã‚‚ã©.ã‚‹ to return  ã‚‚ã©.ã™ to send back
ç§‘,ç§‘ department  ã‚«
æ±‚,"æ±‚ request  ã‚­ãƒ¥ã‚¦  ã‚‚ã¨.ã‚ã‚‹ to request, want, demand"
æ´¥,"æ´¥ inlet  ã‚·ãƒ³  ã¤ an inlet, a haven"
æ¡ˆ,æ¡ˆ plan  ã‚¢ãƒ³
è«‡,è«‡ discussion  ãƒ€ãƒ³
é™,é™ get off  ã‚³ã‚¦  ãŠ.ã‚Šã‚‹ to get off  ãŠ.ã‚ã™ to drop off  ãµ.ã‚‹ to fall (eg rain)
å¦»,å¦» wife  ã‚µã‚¤  ã¤ã¾
å²¡,"å²¡ hill  ãŠã‹ hill, Mount"
å¢ƒ,å¢ƒ boundary  ã‚­ãƒ§ã‚¦  ã‚±ã‚¤  ã•ã‹ã„
ç†±,ç†± hot  ãƒãƒ„  ã‚ã¤.ã„
ç­–,ç­– policy  ã‚µã‚¯
æµ®,"æµ® float  ãƒ•  ã†.ã‹ã¶  ã†.ã to float  ã†.ã‹ã¹ã‚‹ to launch, to refloat, to waft  ã†.ã‹ã‚Œã‚‹ to frolic"
éš,éš floor  ã‚«ã‚¤
ç­‰,"ç­‰ equal  ãƒˆã‚¦  ã²ã¨.ã—ã„ equal, similar"
æœ«,æœ« end  ãƒãƒ„  ãƒãƒ„  ã™ãˆ
å®—,å®— religion  ã‚·ãƒ¥ã‚¦  ã‚½ã‚¦
åŒº,åŒº ward  ã‚¯
æ³¢,æ³¢ wave  ãƒ  ãªã¿
æ,"æ submit  ãƒ†ã‚¤  ã•.ã’ã‚‹ propose, take along, carry in hand"
å»,å» leave  ã‚­ãƒ§  ã‚³  ã•.ã‚‹
å¹¸,å¹¸ happiness  ã‚³ã‚¦  ã•ã¡  ã—ã‚ã‚.ã›  ã•ã„ã‚.ã„
ç ”,"ç ” sharpen  ã‚±ãƒ³  ã¨.ã to sharpen, to whet"
ç§»,ç§» shift  ã‚¤  ã†ã¤.ã‚‹  ã†ã¤.ã™ to move
åŸŸ,åŸŸ region  ã‚¤ã‚­
é£²,é£² drink  ã‚¤ãƒ³  ã®.ã‚€ to drink
è‚‰,è‚‰ meat  ãƒ‹ã‚¯
è‰,è‰ grass  ã‚½ã‚¦  ãã•
å‘¨,å‘¨ circumference  ã‚·ãƒ¥ã‚¦  ã¾ã‚.ã‚Š
æ˜­,æ˜­ bright  ã‚·ãƒ§ã‚¦
è¶Š,è¶Š surpass  ã‚¨ãƒ„  ã“.ã™  ã“.ãˆã‚‹ to surpass
æœ,æœ clothes  ãƒ•ã‚¯
æ¥,"æ¥ join  ã‚»ãƒ„  ã¤.ã to join, contact, touch"
é‰„,é‰„ iron  ãƒ†ãƒ„
å¯†,å¯† secret  ãƒŸãƒ„
å¸,å¸ administer  ã‚·
ç™»,ç™» climb  ãƒˆã‚¦  ãƒˆ  ã®ã¼.ã‚‹ to climb
é ƒ,é ƒ time  ã“ã‚
éŠ€,éŠ€ silver  ã‚®ãƒ³
é¡,"é¡ kind  ãƒ«ã‚¤  ãŸã.ã„ kind, type"
æ¤œ,æ¤œ investigation  ã‚±ãƒ³
æœª,æœª not yet  ãƒŸ
æ,æ lumber  ã‚¶ã‚¤
å€‹,å€‹ individual  ã‚³
åº·,åº· peace  ã‚³ã‚¦
æ²¢,"æ²¢ marsh  ã‚¿ã‚¯  ã•ã‚ marsh, swamp"
å”,å” cooperation  ã‚­ãƒ§ã‚¦
èŒ¶,èŒ¶ tea  ãƒãƒ£  ã‚µ
å„,å„ each; every  ã‚«ã‚¯  ãŠã®ãŠã® each
ç©¶,ç©¶ investigate  ã‚­ãƒ¥ã‚¦  ãã‚.ã‚ã‚‹ to investigate thoroughly
å¸¯,"å¸¯ belt  ã‚¿ã‚¤  ãŠã³ sash  ãŠ.ã³ã‚‹ to wear, to carry"
è¦,è¦ standard  ã‚­
ç§€,ç§€ excellent  ã‚·ãƒ¥ã‚¦  ã²ã„.ã§ã‚‹ to surpass
æ­´,æ­´ passing of time  ãƒ¬ã‚­
ç·¨,"ç·¨ knit  ãƒ˜ãƒ³  ã‚.ã‚€ to knit, compile, edit"
èˆˆ,èˆˆ entertainment  ã‚³ã‚¦  ã‚­ãƒ§ã‚¦  ãŠã“.ã‚‹ to flourish  ãŠã“.ã™ to establish
è£,è£ back side  ãƒª  ã†ã‚‰ the back side
ç²¾,ç²¾ vitality  ã‚»ã‚¤  ã‚·ãƒ§ã‚¦
æ´‹,æ´‹ ocean  ãƒ¨ã‚¦
ç‡,"ç‡ lead; ratio  ã‚½ãƒ„  ãƒªãƒ„  ã²ã.ã„ã‚‹ to lead, to command"
æŠ±,"æŠ± hug  ãƒ›ã‚¦  ã .ã  ã„ã .ã to hug  ã‹ã‹.ãˆã‚‹ to carry, to hold (an object, a burden)"
æ¯”,æ¯” compare  ãƒ’  ãã‚‰.ã¹ã‚‹ to compare
å‚,å‚ slope  ãƒãƒ³  ã•ã‹
è©•,è©• criticism  ãƒ’ãƒ§ã‚¦
è£…,è£… wear  ã‚½ã‚¦  ã‚·ãƒ§ã‚¦  ã‚ˆããŠ.ã† to wear; to pretend
ç›£,ç›£ keep watch  ã‚«ãƒ³
å´,"å´ headland  ã•ã headland, small peninsula"
çœ,"çœ reflect  ã‚·ãƒ§ã‚¦  ã‚»ã‚¤  ã‹ãˆã‚Š.ã¿ã‚‹ to reflect  ã¯ã¶.ã to omit, leave out"
é®®,"é®® vivid  ã‚»ãƒ³  ã‚ã–.ã‚„ã‹ vivid, fresh, bright"
ç¨,ç¨ tax  ã‚¼ã‚¤
æ¿€,æ¿€ violent  ã‚²ã‚­  ã¯ã’.ã—ã„
å¾³,å¾³ benevolence  ãƒˆã‚¯
æŒ™,æŒ™ rise up  ã‚­ãƒ§  ã‚.ãŒã‚‹ to rise up  ã‚.ã’ã‚‹ to give; to arrest; to quote
å¿—,"å¿— good intention  ã‚·  ã“ã“ã‚ã–.ã™ to plan, to intend  ã“ã“ã‚ã–ã—"
åŠ´,åŠ´ labor  ãƒ­ã‚¦
ç«¶,ç«¶ compete  ã‚­ãƒ§ã‚¦  ã‚±ã‚¤  ãã.ã†  ã›.ã‚‹ to compete
å‡¦,å‡¦ deal with  ã‚·ãƒ§
é€€,"é€€ retreat  ã‚¿ã‚¤  ã—ã‚Šã.ã to retreat, back off  ã—ã‚Šã.ã‘ã‚‹ to repel"
è²»,è²» spend  ãƒ’  ã¤ã„.ã‚„ã™ to spend  ã¤ã„.ãˆã‚‹ to be wasted
é,é mistake  ãƒ’
å›²,"å›² surround  ã‚¤  ã‹ã“.ã‚€  ã‹ã“.ã† to surround, to enclose"
å–œ,å–œ rejoice  ã‚­  ã‚ˆã‚ã“.ã¶ to rejoice
è¾º,"è¾º surroundings  ãƒ˜ãƒ³  ã‚ãŸ.ã‚Š  -ã¹ surroundings, environs"
æ•·,"æ•· spread out  ãƒ•  ã—.ã to spread out, to lay"
ç³»,ç³» system  ã‚±ã‚¤
æ²³,æ²³ river  ã‚«  ã‹ã‚
ç¹”,ç¹” weave  ã‚·ãƒ§ã‚¯  ã‚·ã‚­  ãŠ.ã‚‹ to weave
è£½,è£½ manufacture  ã‚»ã‚¤
å¨˜,å¨˜ daughter  ã‚€ã™ã‚
ç«¯,ç«¯ edge  ã‚¿ãƒ³  ã¯  ã¯ã—  ã¯ãŸ
é€ƒ,é€ƒ escape  ãƒˆã‚¦  ã«.ã’ã‚‹  ã®ãŒ.ã‚Œã‚‹ to escape  ã«.ãŒã™  ã®ãŒ.ã™ to free
æ¢,æ¢ grope  ã‚¿ãƒ³  ã•ã.ã‚‹ to grope for  ã•ãŒ.ã™ to search for
æ¥µ,æ¥µ extreme  ã‚­ãƒ§ã‚¯  ã‚´ã‚¯  ãã‚.ã‚ã‚‹ to carry to its end  ãã‚.ã¾ã‚‹ to reach an extreme  ãã‚.ã¾ã‚Š extremity
éº,éº bequest  ã‚¤  ãƒ¦ã‚¤
é˜²,"é˜² protect  ãƒœã‚¦  ãµã›.ã to protect, to defend (against)"
ä½,ä½ low  ãƒ†ã‚¤  ã²ã.ã„  ã²ã.ã‚ã‚‹ to lower  ã²ã.ã¾ã‚‹ to be lowered
çŠ¯,çŠ¯ crime  ãƒãƒ³  ãŠã‹.ã™ to commit a crime
è–¬,è–¬ medicine  ãƒ¤ã‚¯  ãã™ã‚Š
åœ’,"åœ’ garden  ã‚¨ãƒ³  ãã® garden, park"
ç–‘,ç–‘ doubt  ã‚®  ã†ãŸãŒ.ã† to doubt
æ—,æ— wood; trees  ãƒªãƒ³  ã¯ã‚„ã— wood
å°,å° guide  ãƒ‰ã‚¦  ã¿ã¡ã³.ã to be guided
ç·’,"ç·’ strap  ã‚·ãƒ§  ãƒãƒ§  ãŠ strap, thong"
é™,"é™ quiet  ã‚»ã‚¤  ã‚¸ãƒ§ã‚¦  ã—ãš.ã‹ quiet, still  ã—ãš.ã¾ã‚‹ to become still  ã—ãš.ã‚ã‚‹ to becalm, to quell"
å…·,å…· tool  ã‚°
å¸­,å¸­ seat  ã‚»ã‚­
æˆ¿,æˆ¿ room  ãƒœã‚¦  ãµã• a tassle
é€Ÿ,"é€Ÿ fast  ã‚½ã‚¯  ã¯ã‚„.ã„  ã¯ã‚„.ã¾ã‚‹ be hasty  ã¯ã‚„.ã‚ã‚‹ to expedite, to hasten  ã™ã¿.ã‚„ã‹ speedy"
è¡—,"è¡— town  ã‚«ã‚¤  ã‚¬ã‚¤  ã¾ã¡ town, thoroughfare, street"
èˆ,èˆ dance  ãƒ–  ã¾.ã† to dance  ã¾ã„
å®¿,å®¿ inn  ã‚·ãƒ¥ã‚¯  ã‚„ã© an inn  ã‚„ã©.ã‚‹ to lodge  ã‚„ã©.ã™ to give lodgings
æ£®,æ£® forest  ã‚·ãƒ³  ã‚‚ã‚Š
ç¨‹,ç¨‹ extent  ãƒ†ã‚¤  ã»ã©
ä¸¸,"ä¸¸ round; circle  ã‚¬ãƒ³  ã¾ã‚‹.ã„ round, circular"
èƒ¸,èƒ¸ chest  ã‚­ãƒ§ã‚¦  ã‚€ã­  ã‚€ãª-
é™¸,é™¸ land  ãƒªã‚¯
å€’,å€’ fall over  ãƒˆã‚¦  ãŸãŠ.ã‚Œã‚‹ to fall over  ãŸãŠ.ã™ to knock down
å¯,"å¯ sleep  ã‚·ãƒ³  ã­.ã‹ã™ to lay down  ã­.ã‚‹ to sleep, to lie down"
å®…,å®… home  ã‚¿ã‚¯
å…„,å…„ elder brother; brother  ã‚±ã‚¤  ã‚­ãƒ§ã‚¦  ã‚ã« elder brother
ç™‚,ç™‚ cure  ãƒªãƒ§ã‚¦
çµµ,çµµ picture  ã‚«ã‚¤  ã‚¨
è«¸,è«¸ various  ã‚·ãƒ§
å°¾,å°¾ tail  ãƒ“  ãŠ
æ ª,æ ª stock  ã‹ã¶
ç ´,"ç ´ tear  ãƒ  ã‚„ã¶.ã‚‹ to tear, break  ã‚„ã¶.ã‚Œã‚‹ to get torn, broken"
ç§‹,ç§‹ autumn  ã‚·ãƒ¥ã‚¦  ã‚ã
å ‚,å ‚ temple  ãƒ‰ã‚¦
å¾“,å¾“ obey  ã‚¸ãƒ¥ã‚¦  ã‚·ãƒ§ã‚¦  ã‚¸ãƒ¥  ã—ãŸãŒ.ã† to obey  ã—ãŸãŒ.ãˆã‚‹ to be accompanied by
åº­,"åº­ courtyard  ãƒ†ã‚¤  ã«ã‚ courtyard, garden"
ç®¡,"ç®¡ pipe  ã‚«ãƒ³  ãã  pipe, tube"
å©¦,å©¦ wife  ãƒ•
ä»²,ä»² friend  ãƒãƒ¥ã‚¦  ãªã‹ friend; go-between
é©,é© leather  ã‚«ã‚¯  ã‹ã‚
ä½™,ä½™ surplus; left over; extra  ãƒ¨  ã‚ã¾.ã™ to leave over  ã‚ã¾.ã‚‹ to be left over
æ•µ,æ•µ enemy  ãƒ†ã‚­  ã‹ãŸã
å±•,å±• expand  ãƒ†ãƒ³
è¨ª,"è¨ª visit  ãƒ›ã‚¦  ãŸãš.ã­ã‚‹ to visit  ãŠã¨ãš.ã‚Œã‚‹ to ask, to visit"
æ‹…,"æ‹… carry  ã‚¿ãƒ³  ã‹ã¤.ã to carry on the shoulder  ã«ãª.ã† to carry, bear"
å†·,"å†· cold  ãƒ¬ã‚¤  ã¤ã‚.ãŸã„  ã•.ã‚ã‚‹ to (become) cool  ã•.ã¾ã™ to (make) cool  ã².ã‚„ cold (sake, water)  ã².ãˆã‚‹ to get chilly  ã².ã‚„ã™ to chill  ã².ã‚„ã‹ã™ to banter"
åŠ¹,åŠ¹ effective  ã‚³ã‚¦  ã.ã to be effective
æš®,æš® get dark  ãƒœ  ã.ã‚Œã‚‹ to get dark  ã.ã‚‰ã™ to make a living
è…¹,"è…¹ stomach  ãƒ•ã‚¯  ã¯ã‚‰ stomach, abdomen"
è³,è³ prize  ã‚·ãƒ§ã‚¦
å±,"å± dangerous  ã‚­  ã‚ã¶.ãªã„  ã‚ã‚„.ã¶ã‚€ to be apprehensive of  ğŸ‘Œã‚ã‚„.ã†ã barely, narrowly; almost"
æ¯,"æ¯ every, each  ãƒã‚¤"
æ˜Ÿ,æ˜Ÿ star  ã‚»ã‚¤  ã‚·ãƒ§ã‚¦  ã»ã—
è¨±,"è¨± permit  ã‚­ãƒ§  ã‚†ã‚‹.ã™ to permit, allow, forgive"
å¾©,å¾© return  ãƒ•ã‚¯
ä¼¼,ä¼¼ similar  ã‚¸  ã«.ã‚‹ to be similar to
ç‰‡,ç‰‡ right side  ãƒ˜ãƒ³  ã‹ãŸ- one of two
ä¸¦,"ä¸¦ lined up  ãƒ˜ã‚¤  ãªã‚‰.ã¶ to be lined up, to queue  ãªã‚‰.ã¹ã‚‹ to line up  ãª.ã¿ ordinary; the level of  ãªã‚‰.ã³ã« as well as"
åº•,åº• bottom  ãƒ†ã‚¤  ãã“
é™º,é™º steep  ã‚±ãƒ³  ã‘ã‚.ã—ã„
æ,"æ draw  ãƒ“ãƒ§ã‚¦  ã‹.ã  ãˆãŒ.ã to draw, depict, portray"
é€±,é€± week  ã‚·ãƒ¥ã‚¦
ä¿®,ä¿® to master  ã‚·ãƒ¥ã‚¦  ã‚·ãƒ¥  ãŠã•.ã‚ã‚‹
è²¡,è²¡ money  ã‚¶ã‚¤  ã‚µã‚¤
éŠ,éŠ play  ãƒ¦  ãƒ¦ã‚¦  ã‚ã.ã¶
æ¸©,"æ¸© warm  ã‚ªãƒ³  ã‚ãŸãŸ.ã‹ warm, genial  ã‚ãŸãŸ.ã‹ã„  ã‚ãŸãŸ.ã¾ã‚‹ to get warm  ã‚ãŸãŸ.ã‚ã‚‹ to heat"
è»½,è»½ light  ã‚±ã‚¤  ã‹ã‚‹.ã„  ã‹ã‚.ã‚„ã‹ graceful
éŒ²,éŒ² record  ãƒ­ã‚¯
è…°,"è…° loins; waist  ãƒ¨ã‚¦  ã“ã— loins, waist, hips"
æˆ‘,æˆ‘ I; myself  ã‚¬  ã‚ã‚Œ  ã‚.ãŒ-
è‘—,"è‘— publish  ãƒãƒ§  ã‚ã‚‰ã‚.ã™ to publish, write  ã„ã¡ã˜ã‚‹.ã—ã„ remarkable"
ä¹±,"ä¹± rebellion  ãƒ©ãƒ³  ã¿ã .ã™ to disturb, disarray  ã¿ã .ã‚Œã‚‹ to be mixed up, in disorder"
ç« ,ç«  chapter  ã‚·ãƒ§ã‚¦
é›‘,é›‘ miscellaneous  ã‚¶ãƒ„  ã‚¾ã‚¦
æ®¿,æ®¿ palace; lord  ãƒ†ãƒ³  ãƒ‡ãƒ³  ã¨ã® lord  -ã©ã® Mr
è¼‰,"è¼‰ place on  ã‚µã‚¤  ã®.ã‚‹ to be placed on, appear in print  ã®.ã›ã‚‹ to place on, publish"
éŸ¿,éŸ¿ affect  ã‚­ãƒ§ã‚¦  ã²ã³.ã to affect; to resound
ç§˜,ç§˜ secret  ãƒ’  ã².ã‚ã‚‹ to keep secret
å¸ƒ,å¸ƒ cloth  ãƒ•  ã¬ã®
æ,"æ fear  ã‚­ãƒ§ã‚¦  ãŠã.ã‚Œã‚‹ to fear, be afraid of  ãŠã.ã‚ã—ã„ terrible, dreadful"
æ”»,æ”» attack  ã‚³ã‚¦  ã›.ã‚ã‚‹ to launch an attack
å€¤,"å€¤ price  ãƒ  ã­  ã‚ãŸã„ price, value"
è§’,è§’ corner; horn  ã‚«ã‚¯  ã‹ã© corner  ã¤ã® horn
æš—,æš— dark  ã‚¢ãƒ³  ãã‚‰.ã„
ç¿’,ç¿’ learn  ã‚·ãƒ¥ã‚¦  ãªã‚‰.ã† to learn
å¥,å¥ healthy  ã‚±ãƒ³  ã™ã“.ã‚„ã‹
ä»,ä» Buddha; France  ãƒ–ãƒ„  ã»ã¨ã‘ Buddha
ç©,"ç© load  ã‚»ã‚­  ã¤.ã‚€ to load, to heap up  ã¤.ã‚‚ã‚‹ to be piled up"
è£,"è£ pass judgment  ã‚µã‚¤  ã•ã°.ã to pass judgment, pass judgement  ãŸ.ã¤ to cut (cloth etc.)"
è©¦,è©¦ test  ã‚·  ãŸã‚.ã™ to test  ã“ã“ã‚.ã¿ã‚‹ to attempt
å¤,å¤ summer  ã‚«  ã‚²  ãªã¤
éš ,"éš  hide  ã‚¤ãƒ³  ã‹ã.ã™ to hide, to conceal  ã‹ã.ã‚Œã‚‹ to hide, to be in hiding"
æ°¸,æ°¸ long time  ã‚¨ã‚¤  ãªãŒ.ã„ long (time)
èªŒ,èªŒ document  ã‚·
å¤¢,å¤¢ dream  ãƒ   ã‚†ã‚
ç’°,ç’° surround  ã‚«ãƒ³
æ´,æ´ assistance  ã‚¨ãƒ³
æ•…,æ•… strike  ã‚³  ã‚†ãˆ reason; deceased
å¹•,å¹• curtain  ãƒã‚¯  ãƒã‚¯
æ¸›,æ¸› become less  ã‚²ãƒ³  ã¸.ã‚‹  ã¸.ã‚‰ã™ reduce
ç•¥,ç•¥ abbreviation  ãƒªãƒ£ã‚¯
æº–,æº– semi-  ã‚¸ãƒ¥ãƒ³
å§”,"å§” entrust  ã‚¤  ã‚†ã .ã­ã‚‹ to entrust, to abandon oneself to"
ç—›,"ç—› pain  ãƒ„ã‚¦  ã„ãŸ.ã„ painful  ã„ãŸ.ã‚€ to hurt, be painful  ã„ãŸ.ã‚ã‚‹ to hurt, damage"
å¯Œ,å¯Œ wealth  ãƒ•  ãƒ•ã‚¦  ã¨ã¿  ã¨.ã‚€ to grow / be wealthy
ç£,ç£ coach  ãƒˆã‚¯
å€‰,å€‰ storehouse  ã‚½ã‚¦  ãã‚‰
å¼Ÿ,å¼Ÿ younger brother  ãƒ€ã‚¤  ãƒ†ã‚¤  ãƒ‡  ãŠã¨ã†ã¨
åˆ»,"åˆ» chisel; time  ã‚³ã‚¯  ãã–.ã‚€ to chisel, engrave"
é³´,"é³´ chirp  ãƒ¡ã‚¤  ãª.ã to chirp, to twitter  ãª.ã‚‹ to sound, to ring  ãª.ã‚‰ã™ to make ring"
ä»¤,ä»¤ order; command; good  ãƒ¬ã‚¤
åˆŠ,åˆŠ publish  ã‚«ãƒ³
æ–½,"æ–½ carry out  ã‚·  ã‚»  ã»ã©ã“.ã™ to carry out, to give, to bestow"
ç„¼,"ç„¼ roast  ã‚·ãƒ§ã‚¦  ã‚„.ã to roast, bake, burn  ã‚„.ã‘ã‚‹ to be burnt"
æ¬²,æ¬² want  ãƒ¨ã‚¯  ã».ã—ã„  ã»ã£.ã™ã‚‹ to want
é€”,é€” road  ãƒˆ
æ›²,"æ›² melody; curve  ã‚­ãƒ§ã‚¯  ã¾.ãŒã‚‹ to curve, to bend (intr)  ã¾.ã’ã‚‹ to twist (tr)"
è€³,è€³ ear  ã‚¸  ã¿ã¿
å®Œ,å®Œ complete  ã‚«ãƒ³
é‡Œ,é‡Œ village  ãƒª  ã•ã¨
é¡˜,"é¡˜ request  ã‚¬ãƒ³  ã­ãŒ.ã† to request, to petition"
ç½ª,ç½ª sin  ã‚¶ã‚¤  ã¤ã¿
åœ§,åœ§ pressure  ã‚¢ãƒ„
é¡,é¡ amount  ã‚¬ã‚¯  ã²ãŸã„ forehead
å°,"å° sign  ã‚¤ãƒ³  ã—ã‚‹ã— sign, mark"
å«Œ,å«Œ disagreeable  ã‚±ãƒ³  ã‚²ãƒ³  ã„ã‚„  ãã‚‰.ã† to dislike
æ± ,æ±  pond  ãƒ  ã„ã‘
é™½,é™½ positive  ãƒ¨ã‚¦
è‡£,è‡£ subject  ã‚·ãƒ³  ã‚¸ãƒ³
åº«,åº« warehouse  ã‚³  ã‚¯
ç¶™,"ç¶™ follow  ã‚±ã‚¤  ã¤.ã to follow, succeed to, inherit"
äº¡,"äº¡ dead  ãƒœã‚¦  ãƒ¢ã‚¦  ãª.ã„ to be deceased, to have ceased to be"
æ•£,"æ•£ scatter  ã‚µãƒ³  ã¡.ã‚‰ã™ to scatter, to distribute  ã¡.ã‚‰ã‹ã™ to scatter around  ã¡.ã‚‰ã‹ã‚‹ to be in disorder  ã¡.ã‚‹ to fall (leaves etc)"
éšœ,"éšœ hinder  ã‚·ãƒ§ã‚¦  ã•ã‚.ã‚‹ to hinder, hamper"
è²´,"è²´ precious  ã‚­  ãŸã£ã¨.ã„  ã¨ã†ã¨.ã„ precious, valuable  ãŸã£ã¨.ã¶  ã¨ã†ã¨.ã¶ value, esteem, respect"
è¾²,è¾² agriculture  ãƒã‚¦
æ›,"æ› hanging  ã‹.ã‹ã‚‹ to be hanging, to cost, to take  ã‹.ã‘ã‚‹ to hang up, to spend, to multiply  -ãŒã‹ã‚Š person in charge"
æ¿,æ¿ board  ãƒãƒ³  ãƒãƒ³  ã„ãŸ a board
æ˜¨,æ˜¨ yesterday  ã‚µã‚¯
æ•´,"æ•´ put in order  ã‚»ã‚¤  ã¨ã¨ã®.ãˆã‚‹ to put in order  ã¨ã¨ã®.ã† to be put in order, to be prepared"
æ€’,æ€’ angry  ãƒ‰  ãŠã“.ã‚‹  ã„ã‹.ã‚‹ to be angry
è¡†,è¡† populace  ã‚·ãƒ¥ã‚¦  ã‚·ãƒ¥
æ‹,"æ‹ love  ãƒ¬ãƒ³  ã“ã„  ã“ã„.ã—ã„ darling, beloved  ã“.ã† to long for"
ç¾½,ç¾½ feather  ã‚¦  ã¯ã­  ã‚ counter for birds
åŠ,"åŠ amount to  ã‚­ãƒ¥ã‚¦  ãŠã‚ˆ.ã¶ to amount to, reach  ãŠã‚ˆ.ã¼ã™ to exert  ãŠã‚ˆ.ã³ and, as well as"
å°‚,"å°‚ specialist; expert  ã‚»ãƒ³  ã‚‚ã£ã±.ã‚‰ entirely, wholely"
é€†,"é€† reverse  ã‚®ãƒ£ã‚¯  ã•ã‹.ã‚‰ã† to go against, to oppose  ã•ã‹ upside down"
è…•,è…• arm  ãƒ¯ãƒ³  ã†ã§
ç››,"ç›› popular  ã‚»ã‚¤  ã‚¸ãƒ§ã‚¦  ã•ã‹.ã‚“ popular; enthusiastic  ã•ã‹.ã‚‹ prosper, flourish  ã‚‚.ã‚‹ serve, heap up (food)"
ç„,ç„ mystery  ã‚²ãƒ³
ç•™,ç•™ detain  ãƒ«  ãƒªãƒ¥ã‚¦  ã¨.ã‚ã‚‹ to detain  ã¨.ã¾ã‚‹ to stop
ç¤¼,ç¤¼ thanks  ãƒ©ã‚¤  ãƒ¬ã‚¤
çŸ­,çŸ­ short  ã‚¿ãƒ³  ã¿ã˜ã‹.ã„
æ™®,æ™® universal  ãƒ•
å²©,å²© boulder  ã‚¬ãƒ³  ã„ã‚ a boulder
ç«¹,ç«¹ bamboo  ãƒã‚¯  ãŸã‘
å…,å… newborn babe  ã‚¸  ãƒ‹
æ¯›,æ¯› fur; hair  ãƒ¢ã‚¦  ã‘ fur
åˆ—,åˆ— row  ãƒ¬ãƒ„
æµ,"æµ bless  ã‚±ã‚¤  ã‚¨  ã‚ã.ã‚€ to bless, to bestow a favor"
ç‰ˆ,ç‰ˆ printing  ãƒãƒ³
æˆ,"æˆ teach  ã‚¸ãƒ¥  ã•ãš.ã‘ã‚‹ to teach, to grant  ã•ãš.ã‹ã‚‹ be granted, to be taught"
é›ª,é›ª snow  ã‚»ãƒ„  ã‚†ã
å¼¾,å¼¾ bounce  ãƒ€ãƒ³  ãŸã¾ bullet  ã¯ãš.ã‚€ to bounce  ã².ã to play (an instrument)
å®‡,å®‡ eaves  ã‚¦
é¤Š,"é¤Š to rear  ãƒ¨ã‚¦  ã‚„ã—ãª.ã† to rear, to support, to cultivate"
é©š,"é©š surprised  ã‚­ãƒ§ã‚¦  ãŠã©ã‚.ã to be surprised  ãŠã©ã‚.ã‹ã™ to surprise, to frighten"
æ‰•,æ‰• pay  ãƒ•ãƒ„  ã¯ã‚‰.ã† to pay
å¥ˆ,å¥ˆ Nara  ãƒŠ
æ¨,"æ¨ infer  ã‚¹ã‚¤  ãŠ.ã™ to infer, to deduce; to endorse"
çµ¦,çµ¦ supply  ã‚­ãƒ¥ã‚¦
æ³,æ³ situation  ã‚­ãƒ§ã‚¦
æ¨¹,æ¨¹ timber  ã‚¸ãƒ¥
ç‚º,ç‚º to do  ã‚¤
æ•—,"æ•— defeated  ãƒã‚¤  ã‚„ã¶.ã‚Œã‚‹ to be defeated, frustrated"
é›„,é›„ male; brave  ãƒ¦ã‚¦  ãŠ- brave; male  ãŠã™ male
æ•,"æ• catch  ãƒ›  ã¨.ã‚‹  ã¨.ã‚‰ãˆã‚‹  ã¤ã‹.ã¾ãˆã‚‹ to catch, to grasp  ã¨.ã‚‰ã‚ã‚Œã‚‹  ã¤ã‹.ã¾ã‚‹ to be caught"
åˆ€,åˆ€ sword  ãƒˆã‚¦  ã‹ãŸãª
è¢«,"è¢« suffer  ãƒ’  ã“ã†ã‚€.ã‚‹ to suffer, to incur, to receive"
é›¨,é›¨ rain  ã‚¦  ã‚ã‚  ã‚ã¾-
å²¸,"å²¸ coast  ã‚¬ãƒ³  ãã— coast, shore, banks"
è¶…,è¶… exceed  ãƒãƒ§ã‚¦  ã“.ã™  ã“.ãˆã‚‹ to exceed
è±Š,"è±Š plentiful  ãƒ›ã‚¦  ã‚†ãŸ.ã‹ plentiful, abundant"
å¿˜,å¿˜ forget  ãƒœã‚¦  ã‚ã™.ã‚Œã‚‹ to forget
å«,"å« include  ã‚¬ãƒ³  ãµã.ã‚€ to include, to contain  ãµã.ã‚ã‚‹ to include, to add to"
å¼,å¼ dialect  ãƒ™ãƒ³
æ¤,æ¤ plant  ã‚·ãƒ§ã‚¯  ã†.ãˆã‚‹ to plant  ã†.ã‚ã‚‹ to be planted
å¦™,å¦™ strange; mysterious  ãƒŸãƒ§ã‚¦
æ¨¡,æ¨¡ imitation  ãƒœ  ãƒ¢
è£œ,"è£œ supply  ãƒ›  ãŠããª.ã† to supply, to make up for, to compensate for"
æŠ—,æŠ— resist  ã‚³ã‚¦
ç´š,ç´š class  ã‚­ãƒ¥ã‚¦
ä¼‘,ä¼‘ rest  ã‚­ãƒ¥ã‚¦  ã‚„ã™.ã‚€ to rest  ã‚„ã™.ã¾ã‚‹ to be rested  ã‚„ã™.ã‚ã‚‹ to suspend (use etc.)
æš´,"æš´ violent  ãƒœã‚¦  ãƒã‚¯  ã‚ã°.ã‚Œã‚‹ to get violent  ã‚ã°.ã to expose, disclose"
èª²,èª² lesson  ã‚«
ç¬,"ç¬ wink  ã‚·ãƒ¥ãƒ³  ã¾ãŸãŸ.ã to wink, to blink"
ç§°,ç§° title  ã‚·ãƒ§ã‚¦
è·¡,"è·¡ trace  ã‚»ã‚­  ã‚ã¨ trace, tracks"
è§¦,è§¦ touch  ã‚·ãƒ§ã‚¯  ãµ.ã‚Œã‚‹  ã•ã‚.ã‚‹ to touch
ç‰,ç‰ jewel  ã‚®ãƒ§ã‚¯  ãŸã¾
æ™´,"æ™´ clear up  ã‚»ã‚¤  ã¯.ã‚Œã‚‹ to clear up  ã¯.ã‚‰ã™ to dispel, to clear away"
è¯,è¯ China; Chinese  ã‚«  ã‚±  ã¯ãª flower; showy; China
å› ,å›  cause  ã‚¤ãƒ³  ã‚ˆ.ã‚‹ to depend on
éœ‡,"éœ‡ tremble  ã‚·ãƒ³  ãµã‚‹.ã†  ãµã‚‹.ãˆã‚‹ to tremble, to shake"
æŠ˜,"æŠ˜ break  ã‚»ãƒ„  ãŠ.ã‚‹ to break, fold  ãŠã‚Š opportunity; fold  ãŠ.ã‚Œã‚‹ to break (intr), be folded, yield"
å„„,å„„ 100 million  ã‚ªã‚¯
è‚©,è‚© shoulder  ã‚±ãƒ³  ã‹ãŸ
åŠ‡,åŠ‡ dramatic  ã‚²ã‚­
è¿,è¿ meet  ã‚²ã‚¤  ã‚€ã‹.ãˆã‚‹ to meet; go towards
å‚·,"å‚· wound  ã‚·ãƒ§ã‚¦  ããš  ã„ãŸ.ã‚€ to go bad, be damaged  ã„ãŸ.ã‚ã‚‹ to injure"
æ‚²,æ‚² sad  ãƒ’  ã‹ãª.ã—ã„  ã‹ãª.ã—ã‚€ to be sad
é—˜,"é—˜ fight  ãƒˆã‚¦  ãŸãŸã‹.ã† to fight, to struggle"
æ¸¯,"æ¸¯ harbour  ã‚³ã‚¦  ã¿ãªã¨ harbour, port"
è²¬,"è²¬ torture; blame  ã‚»ã‚­  ã›.ã‚ã‚‹ to torture; to blame, accuse"
ç­‹,ç­‹ muscle  ã‚­ãƒ³  ã™ã˜
è¨³,"è¨³ translate; reason  ãƒ¤ã‚¯  ã‚ã‘ reason, explanation"
é™¤,é™¤ exclude  ã‚¸  ã‚¸ãƒ§  ã®ã.ã to exclude; to remove
å°„,å°„ to shoot  ã‚·ãƒ£  ã„.ã‚‹
å–„,"å–„ virtuous  ã‚¼ãƒ³  ã‚ˆ.ã„ virtous, good"
åˆº,åˆº to prick  ã‚·  ã•.ã™ to stab  ã•.ã•ã‚‹
é»™,é»™ silent  ãƒ¢ã‚¯  ã ã¾.ã‚‹ to remain silent
æŸ„,"æŸ„ pattern  ãƒ˜ã‚¤  ãˆ  ãŒã‚‰ pattern, design"
åˆ‘,åˆ‘ punishment  ã‚±ã‚¤
ç¯€,"ç¯€ occasion  ã‚»ãƒ„  ã‚»ãƒ  ãµã— occasion, time"
è¿°,è¿° say  ã‚¸ãƒ¥ãƒ„  ã®.ã¹ã‚‹ to say
è¼ª,è¼ª wheel  ãƒªãƒ³  ã‚
å›°,"å›° distressed  ã‚³ãƒ³  ã“ã¾.ã‚‹ to be distressed, be in a quandary"
è„±,è„± escape  ãƒ€ãƒ„  ã¬.ã to undress  ã¬.ã’ã‚‹ to come off (clothes etc.)
æµ…,"æµ… shallow  ã‚»ãƒ³  ã‚ã•.ã„ shallow, superficial"
é³¥,é³¥ bird  ãƒãƒ§ã‚¦  ã¨ã‚Š
å³,"å³ severe  ã‚²ãƒ³  ã‚´ãƒ³  ãã³.ã—ã„  ãŠã”ã.ã‹ dignified, stately"
ç´”,ç´” pure  ã‚¸ãƒ¥ãƒ³
çŠ¬,çŠ¬ dog  ã‚±ãƒ³  ã„ã¬
åš,åš doctor  ãƒã‚¯  ãƒã‚¯
é™£,é™£ camp  ã‚¸ãƒ³
è–„,"è–„ thin  ãƒã‚¯  ã†ã™.ã„  ã†ã™.ã‚ã‚‹ to dilute  ã†ã™.ã¾ã‚‹ to be watered down  ã†ã™.ã‚Œã‚‹  ã†ã™.ã‚‰ã to decline, fade"
é˜ª,é˜ª slope  ãƒãƒ³
é–‰,"é–‰ closed  ãƒ˜ã‚¤  ã—.ã¾ã‚‹ to be closed  ã—.ã‚ã‚‹ to close  ã¨.ã˜ã‚‹ to close, to finish  ã¨.ã–ã™ to shut, to lock"
å¸,"å¸ suck  ã‚­ãƒ¥ã‚¦  ã™.ã† to suck, inhale"
å¥‡,å¥‡ strange  ã‚­
å¿ ,å¿  loyal  ãƒãƒ¥ã‚¦
éŸ“,éŸ“ Korea  ã‚«ãƒ³
å¤•,å¤• night  ã‚»ã‚­  ã‚†ã†
å›º,å›º hard  ã‚³  ã‹ãŸ.ã„  ã‹ãŸ.ã¾ã‚‹ to harden  ã‹ãŸ.ã‚ã‚‹ to make hard
æŸ“,æŸ“ stain  ã‚»ãƒ³  ã—.ã¿  ã—.ã¿ã‚‹ to soak in  ã.ã‚ã‚‹ to dye  ã.ã¾ã‚‹ to be dyed
å·¨,å·¨ huge  ã‚­ãƒ§
è¬›,è¬› lecture  ã‚³ã‚¦
å¾®,"å¾® minute, slight  ãƒ“"
é«ª,é«ª hair  ãƒãƒ„  ã‹ã¿ hair (of the head)
æ¨™,æ¨™ sign  ãƒ’ãƒ§ã‚¦
æŸ,æŸ bundle  ã‚½ã‚¯  ãŸã°  ãŸã°.ã­ã‚‹ to tie in a bundle
ç¸,"ç¸ affinity; edge  ã‚¨ãƒ³  ãµã¡ edge, hem, brim"
çœ ,çœ  sleep  ãƒŸãƒ³  ã­ã‚€.ã‚‹ to sleep  ã­ã‚€.ã„ sleepy
å£,å£ wall  ãƒ˜ã‚­  ã‹ã¹
åˆ,åˆ noon  ã‚´
èˆ¬,èˆ¬ carrier  ãƒãƒ³
æ¹¯,æ¹¯ hot water  ãƒˆã‚¦  ã‚†
æ¨,æ¨ throw away  ã‚·ãƒ£  ã™.ã¦ã‚‹ to throw away
é§†,"é§† gallop  ã‚¯  ã‹.ã‘ã‚‹ to gallop, run  ã‹.ã‚‹ to drive, to spur on"
è¡£,è¡£ clothes  ã‚¤  ã“ã‚ã‚‚
æ›¿,æ›¿ replace  ã‚¿ã‚¤  ã‹.ãˆã‚‹ to replace  ã‹.ã‚ã‚‹ to be replaced
éº»,"éº» flax; flux  ãƒ  ã‚ã• flax, hemp"
ç”²,ç”² first  ã‚³ã‚¦  ã‚«ãƒ³
å¤®,å¤® centre; center  ã‚ªã‚¦
è—©,è—© clan  ãƒãƒ³
éª¨,éª¨ bone  ã‚³ãƒ„  ã»ã­
é½¢,é½¢ age  ãƒ¬ã‚¤
æ˜“,æ˜“ easy  ã‚¤  ã‚¨ã‚­  ã‚„ã•.ã—ã„
ç…§,"ç…§ shine  ã‚·ãƒ§ã‚¦  ã¦.ã‚‹ to shine  ã¦.ã‚‰ã™ to illuminate  ã¦.ã‚Œã‚‹ to be shy, to be embarrassed"
è¿«,"è¿« urge  ãƒã‚¯  ã›ã¾.ã‚‹ to urge, to press; to draw near"
å±¤,å±¤ level  ã‚½ã‚¦
è¸,è¸ step  ãƒˆã‚¦  ãµ.ã‚€ step on  ãµ.ã¾ãˆã‚‹ to be based on
çª“,çª“ window  ã‚½ã‚¦  ã¾ã©
å¼±,"å¼± weak  ã‚¸ãƒ£ã‚¯  ã‚ˆã‚.ã„  ã‚ˆã‚.ã‚‹ to weaken, to be troubled  ã‚ˆã‚.ã¾ã‚‹ to weaken, to abate  ã‚ˆã‚.ã‚ã‚‹ to weaken, to break the force of"
è¨,è¨ attack  ãƒˆã‚¦  ã†.ã¤ to attack
è–,è– holy  ã‚»ã‚¤
å…¸,å…¸ ceremony  ãƒ†ãƒ³
å‰£,å‰£ sword  ã‚±ãƒ³  ã¤ã‚‹ã
ç—‡,ç—‡ symptom  ã‚·ãƒ§ã‚¦
ç¥–,ç¥– ancestor  ã‚½
ç¯‰,"ç¯‰ construct  ãƒã‚¯  ããš.ã to construct, to make"
ç´,"ç´ payment  ãƒã‚¦  ãƒŠãƒƒ  ãƒŠ  ãƒŠãƒ³  ãƒˆã‚¦ payment, settlement  ãŠã•.ã‚ã‚‹ to supply  ãŠã•.ã¾ã‚‹ to be installed"
å‹¤,å‹¤ work  ã‚­ãƒ³  ã‚´ãƒ³  ã¤ã¨.ã‚ã‚‹ to work  ã¤ã¨.ã¾ã‚‹ to be fit for
æ˜”,æ˜” ancient; old  ã‚»ã‚­  ã‚·ãƒ£ã‚¯  ã‚€ã‹ã— ancient
è„³,è„³ brain  ãƒã‚¦
ä¾¿,"ä¾¿ convenience; tidings  ãƒ“ãƒ³ tidings  ãƒ™ãƒ³ convenience  ãŸã‚ˆ.ã‚Š tidings, news"
é©,é© suitable  ãƒ†ã‚­
å¼¥,å¼¥ increasingly  ã‚„
è,è melt  ãƒ¦ã‚¦
èˆª,èˆª sailing  ã‚³ã‚¦
å¿«,"å¿« comfortable  ã‚«ã‚¤  ã“ã“ã‚ã‚ˆ.ã„ comfortable, pleasant, refreshing"
æµœ,"æµœ seashore  ãƒ’ãƒ³  ã¯ã¾ seashore, sands"
éƒ·,éƒ· hometown  ã‚­ãƒ§ã‚¦  ã‚´ã‚¦
ç¿Œ,ç¿Œ following  ãƒ¨ã‚¯
æ—§,æ—§ former  ã‚­ãƒ¥ã‚¦
å¹,å¹ blow  ã‚¹ã‚¤  ãµ.ã to blow
æƒ‘,"æƒ‘ uncertain  ãƒ¯ã‚¯  ã¾ã©.ã† to be uncertain, bewildered"
æŸ³,æŸ³ willow  ãƒªãƒ¥ã‚¦  ã‚„ãªã a willow
æ‹ ,æ‹  basis  ã‚­ãƒ§  ã‚³
å¥‰,"å¥‰ to present  ãƒ›ã‚¦  ãƒ–  ãŸã¦ã¾ã¤.ã‚‹ to present, offer, revere"
ç­†,ç­† writing brush  ãƒ’ãƒ„  ãµã§
å£Š,"å£Š break  ã‚«ã‚¤  ã“ã‚.ã™ to break, smash  ã“ã‚.ã‚Œã‚‹ to break, fall apart"
æ›,"æ› replace  ã‚«ãƒ³  ã‹.ãˆã‚‹ to replace, to substitute"
ç›Š,ç›Š profit  ã‚¨ã‚­  ãƒ¤ã‚¯
ç¾¤,"ç¾¤ flock  ã‚°ãƒ³  ã‚€.ã‚Œ  ã‚€.ã‚Œã‚‹ to flock together  ã‚€ã‚‰.ãŒã‚‹ to crowd, to flock"
å¥,å¥ verse  ã‚¯
å±,å± belong to  ã‚¾ã‚¯
å€™,å€™ climate  ã‚³ã‚¦  ãã†ã‚ã† to be
çˆ†,çˆ† explosion  ãƒã‚¯
åŠŸ,åŠŸ achievement  ã‚¯  ã‚³ã‚¦
æœ,æœ search  ã‚½ã‚¦  ã•ãŒ.ã™ to search
å¸,å¸ sovereign  ãƒ†ã‚¤
è³€,è³€ congratulations  ã‚¬
é­š,é­š fish  ã‚®ãƒ§  ã•ã‹ãª  ã†ãŠ
å €,"å € ditch  ã»ã‚Š ditch, moat"
æ²¹,æ²¹ oil  ãƒ¦  ã‚ã¶ã‚‰
æ€–,æ€– frightening  ãƒ•  ã“ã‚.ã„
å«,"å« scream  ã‚­ãƒ§ã‚¦  ã•ã‘.ã¶ to scream, to cry out"
ä¼¸,"ä¼¸ grow  ã‚·ãƒ³  ã®.ã³ã‚‹ to grow  ã®.ã°ã™ to stretch, to let grow  ã®.ã¹ã‚‹ to lay out (a futon)"
å‰µ,å‰µ create  ã‚½ã‚¦  ã¤ã.ã‚‹ to create
è¾,è¾ quit  ã‚¸  ã‚„.ã‚ã‚‹
æ³£,æ³£ to cry  ã‚­ãƒ¥ã‚¦  ãª.ã
æ†¶,æ†¶ memory  ã‚ªã‚¯
å¹¹,å¹¹ main part  ã‚«ãƒ³  ã¿ã trunk
å¦,å¦ no  ãƒ’  ã„ãª
éœ²,éœ² public; dew  ãƒ­  ãƒ­ã‚¦  ã¤ã‚† dew
çŸ¢,çŸ¢ arrow  ã‚·  ã‚„
æ‰¿,"æ‰¿ acquiesce  ã‚·ãƒ§ã‚¦  ã†ã‘ãŸã¾ã‚.ã‚‹ to hear, to be told"
é›²,é›² cloud  ã‚¦ãƒ³  ãã‚‚
æ¡,æ¡ grasp  ã‚¢ã‚¯  ã«ã.ã‚‹ to grasp
ç·´,"ç·´ polish up  ãƒ¬ãƒ³  ã­.ã‚‹ to polish up, knead, train"
å„€,å„€ ceremony  ã‚®
ç´¹,ç´¹ introduce  ã‚·ãƒ§ã‚¦
è´,è´ listen  ãƒãƒ§ã‚¦  ã.ã to listen
åŒ…,åŒ… wrap  ãƒ›ã‚¦  ã¤ã¤.ã‚€ to wrap
åº,åº government office  ãƒãƒ§ã‚¦
æ¸¬,æ¸¬ measure  ã‚½ã‚¯  ã¯ã‹.ã‚‹
å ,"å  occupy  ã‚»ãƒ³  ã—.ã‚ã‚‹ to occupy, hold  ã†ã‚‰ãª.ã† to tell fortunes"
æ··,æ·· mix  ã‚³ãƒ³  ã¾.ãœã‚‹ to mix  ã¾.ã–ã‚‹  ã¾.ã˜ã‚‹ to be mixed  ã“.ã‚€ to be crowded
å€,å€ double  ãƒã‚¤
ä¹³,ä¹³ milk  ãƒ‹ãƒ¥ã‚¦  ã¡  ã¡ã¡ breasts
è¥²,è¥² attack  ã‚·ãƒ¥ã‚¦  ãŠã.ã† to attack
å€Ÿ,å€Ÿ borrow  ã‚·ãƒ£ã‚¯  ã‹.ã‚Šã‚‹ to borrow
å¾´,å¾´ sign  ãƒãƒ§ã‚¦
è’,"è’ violent  ã‚³ã‚¦  ã‚ã‚‰.ã„ violent, rough  ã‚.ã‚Œã‚‹ to be rough, stormy  ã‚.ã‚‰ã™ to lay waste"
è©°,è©° cram  ã‚­ãƒ„  ã¤.ã‚ã‚‹ to cram into  ã¤.ã¾ã‚‹ to be packed  ã¤.ã‚€ to be checkmated
é£¯,"é£¯ boiled rice  ãƒãƒ³  ã‚ã— boiled rice, food"
æ „,"æ „ shine  ã‚¨ã‚¤  ã¯.ãˆã‚‹ to shine, to look attractive  ã¯.ãˆ  ã•ã‹.ãˆã‚‹ to shine, to be brilliant"
åºŠ,åºŠ floor  ã‚·ãƒ§ã‚¦  ã‚†ã‹  ã¨ã“ bed
ä¸,ä¸ block  ãƒãƒ§ã‚¦  ãƒ†ã‚¤
æ†²,æ†² constitution  ã‚±ãƒ³
å‰‡,å‰‡ rule  ã‚½ã‚¯
ç¦,ç¦ prohibition  ã‚­ãƒ³
é †,é † sequence; obey  ã‚¸ãƒ¥ãƒ³
é§…,é§… station  ã‚¨ã‚­
é–£,é–£ tower  ã‚«ã‚¯
æ˜¼,"æ˜¼ noon  ãƒãƒ¥ã‚¦  ã²ã‚‹ noon, daytime"
æš,æš sheet  ãƒã‚¤
æ•‘,"æ•‘ rescue  ã‚­ãƒ¥ã‚¦  ã™ã.ã† to rescue, save"
åš,åš thick  ã‚³ã‚¦  ã‚ã¤.ã„
çš®,"çš® skin  ãƒ’  ã‹ã‚ skin, leather"
é™°,"é™° shadow  ã‚¤ãƒ³  ã‹ã’  ã‹ã’.ã‚‹ to darken, to get dark"
ç¹°,"ç¹° to wind  ã.ã‚‹ to wind, reel, spin"
é‚£,é‚£ what?  ãƒŠ
å†¬,å†¬ winter  ãƒˆã‚¦  ãµã‚†
è¼¸,è¼¸ transport  ãƒ¦
æ“,"æ“ control  ã‚½ã‚¦  ã‚ã‚„ã¤.ã‚‹ to control  ã¿ã•ãŠ chastity, faith"
é¨’,é¨’ noise  ã‚½ã‚¦  ã•ã‚.ã to make a noise
å·±,å·± self  ã‚³  ã‚­  ãŠã®ã‚Œ
æ¿ƒ,"æ¿ƒ thick  ãƒã‚¦  ã“.ã„ thick, dense, dark"
é­”,é­” witch  ãƒ
é…,é… late  ãƒ  ãŠã.ã„  ãŠã.ã‚Œã‚‹ to be late  ãŠã.ã‚‰ã™ to make late
ç°¡,ç°¡ simplicity  ã‚«ãƒ³
æ’®,æ’® take a picture  ã‚µãƒ„  ã¨.ã‚‹ to take (a picture)
æº,æº carry  ã‚±ã‚¤  ãŸãšã•.ãˆã‚‹ to carry in one's hands  ãŸãšã•.ã‚ã‚‹ to engage in
å§‰,å§‰ elder sister  ã‚·  ã‚ã­
éš£,"éš£ next door  ãƒªãƒ³  ã¨ãªã‚Š next door, neighboring  ã¨ãª.ã‚‹ to neighbor"
å­«,å­« grandchild  ã‚½ãƒ³  ã¾ã”
ä¸ˆ,"ä¸ˆ stature  ã‚¸ãƒ§ã‚¦  ãŸã‘ stature, length"
ç…™,ç…™ smoke  ã‚¨ãƒ³  ã‘ã‚€ã‚Š  ã‘ã‚€.ã‚‹ to smoke (chimney etc.)  ã‘ã‚€.ã„ smoky
é»„,é»„ yellow  ã‚ªã‚¦  ã‚³ã‚¦  ã
æ›œ,æ›œ day of the week  ãƒ¨ã‚¦
å®£,å®£ announcement  ã‚»ãƒ³
å¾’,å¾’ junior  ãƒˆ
å±Š,"å±Š arrive  ã¨ã©.ã to arrive  ã¨ã©.ã‘ã‚‹ to notify, to deliver"
é£,"é£ use  ã‚±ãƒ³  ã¤ã‹.ã† to use, to employ  ã¤ã‹.ã‚ã™ to dispatch"
è¨´,"è¨´ accuse  ã‚½  ã†ã£ãŸ.ãˆã‚‹ to accuse, to sue; to appeal to, to resort to"
çµ¡,"çµ¡ entangled  ãƒ©ã‚¯  ã‹ã‚‰.ã¾ã‚‹ to be entangled, to be entwined  ã‹ã‚‰.ã‚€ to get in a tangle with  ã‹ã‚‰.ã‚ã‚‹ to entwine"
èŒ‚,èŒ‚ overgrown  ãƒ¢  ã—ã’.ã‚‹ to grow thickly
æ¡,"æ¡ take on  ã‚µã‚¤  ã¨.ã‚‹ to take on, adopt, employ"
é‡£,é‡£ fish  ãƒãƒ§ã‚¦  ã¤.ã‚‹ to fish
æ‰¹,æ‰¹ criticism  ãƒ’
èª˜,èª˜ invite  ãƒ¦ã‚¦  ã•ã.ã† to invite
æ ¸,æ ¸ core  ã‚«ã‚¯
å“²,å“² wisdom  ãƒ†ãƒ„
è±ª,è±ª magnificent  ã‚´ã‚¦
å‚¾,"å‚¾ tilt  ã‚±ã‚¤  ã‹ãŸã‚€.ã  ã‹ãŸã‚€.ã‘ã‚‹ to tilt, to incline, to lean"
ç· ,ç·  close  ãƒ†ã‚¤  ã—.ã‚ã‚‹ to close; to fasten  ã—.ã¾ã‚‹ to be closed
æ¬ ,æ¬  lack  ã‚±ãƒ„  ã‹.ã to lack  ã‹.ã‘ã‚‹ to be lacking
é¹¿,é¹¿ deer  ã—ã‹  ã‹
å°±,"å°± employed  ã‚·ãƒ¥ã‚¦  ã‚¸ãƒ¥  ã¤.ã to be employed, take (a seat)  ã¤.ã‘ã‚‹ to employ"
è¿·,è¿· perplexed  ãƒ¡ã‚¤  ã¾ã‚ˆ.ã† to be perplexed
æ»…,æ»… destroy  ãƒ¡ãƒ„  ã»ã‚.ã¼ã™ to destroy  ã»ã‚.ã³ã‚‹ to be destroyed
ä»°,ä»° respect  ã‚³ã‚¦  ã‚®ãƒ§ã‚¦  ã‚ãŠ.ã to respect; to look up to/at  ãŠãŠ.ã› (another's) wishes
ç€¬,"ç€¬ rapids  ã› rapids, currents"
æ´—,æ´— wash  ã‚»ãƒ³  ã‚ã‚‰.ã† to wash
äº’,"äº’ mutual  ã‚´  ãŸãŒ.ã„ mutual, reciprocal"
é¼»,é¼» nose  ãƒ“  ã¯ãª
è‡´,è‡´ to do  ãƒ  ã„ãŸ.ã™
ä¼,ä¼ prostrate  ãƒ•ã‚¯  ãµ.ã™ to prostrate onself  ãµ.ã›ã‚‹ lay (face) down
å®,å® treasure  ãƒ›ã‚¦  ãŸã‹ã‚‰
æ‰,æ‰ cedar  ã™ã
æ‚£,"æ‚£ suffer  ã‚«ãƒ³  ã‚ãšã‚‰.ã† to suffer (from), to be ill"
å¯©,å¯© hearing  ã‚·ãƒ³
æ‰,æ‰ genius  ã‚µã‚¤
å»¶,"å»¶ prolong  ã‚¨ãƒ³  ã®.ã°ã™ to prolong, lengthen  ã®.ã³ã‚‹ to be delayed, postponed  ã®.ã¹ã‚‹ to postpone"
å¾‹,å¾‹ law  ãƒªãƒ„  ãƒªãƒ
å¸Œ,å¸Œ rare  ã‚­
é¿,é¿ avoid  ãƒ’  ã•.ã‘ã‚‹ to avoid
æº,"æº shake  ãƒ¨ã‚¦  ã‚†.ã‚‹  ã‚†.ã™ã‚‹  ã‚†.ã•ã¶ã‚‹  ã‚†.ã™ã¶ã‚‹ to shake (something)  ã‚†.ã‚Œã‚‹  ã‚†.ã‚‹ã to tremble, to shake  ã‚†.ã‚‰ã to be (emotionally) shaken"
ç”˜,"ç”˜ sweet  ã‚«ãƒ³  ã‚ã¾.ã„ sweet, indulgent  ã‚ã¾.ãˆã‚‹ to behave like a spoiled child  ã‚ã¾.ã‚„ã‹ã™ to pamper"
æ¹¾,æ¹¾ gulf; inlet  ãƒ¯ãƒ³
æµ¦,"æµ¦ inlet  ã†ã‚‰ inlet, bay"
æ²ˆ,æ²ˆ sink  ãƒãƒ³  ã—ãš.ã‚€ to sink  ã—ãš.ã‚ã‚‹ to make sink
è‡³,"è‡³ reach  ã‚·  ã„ãŸ.ã‚‹ to reach, to lead to"
è²©,"è²© sell  ãƒãƒ³ sell, trade; marketing"
è£•,è£• abundant  ãƒ¦ã‚¦
æ›´,æ›´ again  ã‚³ã‚¦  ã•ã‚‰  ãµ.ã‘ã‚‹ grow late  ãµ.ã‹ã™ stay up late
ç›Ÿ,ç›Ÿ allegiance  ãƒ¡ã‚¤
æ¬§,æ¬§ Europe  ã‚ªã‚¦
åŸ·,åŸ· hold on to  ã‚·ãƒ„  ã‚·ãƒ¥ã‚¦  ã¨.ã‚‹
å´©,"å´© fall to pieces  ãƒ›ã‚¦  ããš.ã‚Œã‚‹ to fall to pieces, to collapse  ããš.ã™ to destroy, to pull down"
é¬¼,é¬¼ ogre  ã‚­  ãŠã«
é…¸,"é…¸ acid  ã‚µãƒ³  ã™.ã„ acid, sour"
ç ‚,ç ‚ sand  ã‚µ  ã‚·ãƒ£  ã™ãª
å°Š,"å°Š precious  ã‚½ãƒ³  ãŸã£ã¨.ã„  ã¨ã†ã¨.ã„ precious, dear, exalted  ãŸã£ã¨.ã¶  ã¨ã†ã¨.ã¶ to set a high value on, to esteem highly"
æ‹¡,æ‹¡ broaden  ã‚«ã‚¯
ç´…,ç´… deep red  ã‚³ã‚¦  ã‚¯  ãã‚Œãªã„  ã¹ã« lipstick
æ¼¢,æ¼¢ Chinese  ã‚«ãƒ³
è¤‡,è¤‡ double  ãƒ•ã‚¯
æ­¯,æ­¯ tooth  ã‚·  ã¯
æ³Š,"æ³Š stay  ãƒã‚¯  ã¨.ã¾ã‚‹ to stay, to lodge overnight  ã¨.ã‚ã‚‹ to give lodgings"
éŠƒ,éŠƒ gun  ã‚¸ãƒ¥ã‚¦
è·,è· baggage  ã‚«  ã«
ç¶­,ç¶­ fiber  ã‚¤
ç›—,ç›— steal  ãƒˆã‚¦  ã¬ã™.ã‚€ to steal
æ,æ branch  ã‚·  ãˆã 
ç¸„,ç¸„ rope  ã‚¸ãƒ§ã‚¦  ãªã‚
è©©,è©© poetry  ã‚·
å»ƒ,"å»ƒ fall into disuse  ãƒã‚¤  ã™ãŸ.ã‚Œã‚‹ to fall into disuse, become obsolete  ã™ãŸ.ã‚‹ to be disgraced"
å……,å…… allot  ã‚¸ãƒ¥ã‚¦  ã‚.ã¦ã‚‹ to allot
ä¾,ä¾ reliant  ã‚¤  ã‚¨
é¡,é¡ mirror  ã‚­ãƒ§ã‚¦  ã‹ãŒã¿
å¹¼,"å¹¼ very young  ãƒ¨ã‚¦  ãŠã•ãª.ã„ very young; childish, immature, infantile"
ä»®,"ä»® temporary  ã‚«  ã‚±  ã‹ã‚Š temporary, provisional, tentative"
å,"å spit  ãƒˆ  ã¯.ã to spit, vomit"
æ…£,æ…£ get used to  ã‚«ãƒ³  ãª.ã‚Œã‚‹ to get used to  ãª.ã‚‰ã™ to tame
è«‹,"è«‹ beg  ã‚»ã‚¤  ã‚·ãƒ³  ã“.ã† to beg, ask for  ã†.ã‘ã‚‹ to obtain"
æ™©,æ™© nightfall  ãƒãƒ³
çœº,"çœº watch  ãƒãƒ§ã‚¦  ãªãŒ.ã‚ã‚‹ to watch, gaze at"
æ²–,æ²– offshore  ãƒãƒ¥ã‚¦  ãŠã offshore; open sea
æ–¬,æ–¬ kill  ã‚¶ãƒ³  ã.ã‚‹ to kill
èº,èº dance  ãƒ¤ã‚¯  ãŠã©.ã‚‹ to dance
å¨,å¨ intimidating  ã‚¤
å‹‡,"å‹‡ brave  ãƒ¦ã‚¦  ã„ã•.ã‚€ to be brave, lively, spirited"
å±ˆ,å±ˆ yield  ã‚¯ãƒ„
å‹˜,å‹˜ intuition  ã‚«ãƒ³
å¾¹,å¾¹ go through  ãƒ†ãƒ„
æ–,æ– purification  ã‚µã‚¤
è¬,è¬ apologize  ã‚·ãƒ£  ã‚ã‚„ã¾.ã‚‹ to apologize
æ˜‡,æ˜‡ climb  ã‚·ãƒ§ã‚¦  ã®ã¼.ã‚‹ to climb
è‰¦,è‰¦ warship  ã‚«ãƒ³
å¯¿,å¯¿ longevity  ã‚¸ãƒ¥  ã‚¹  ã“ã¨ã¶ã
å‚¬,"å‚¬ hold a meeting  ã‚µã‚¤  ã‚‚ã‚ˆã†.ã™ to hold (a meeting), to sponsor"
èˆ,èˆ house  ã‚·ãƒ£
ä»,ä» humanity  ã‚¸ãƒ³  ãƒ‹ãƒ³  ãƒ‹
èœ,"èœ vegetable  ã‚µã‚¤  ãª vegetable, side dish, greens"
å­£,å­£ season  ã‚­
è¡,è¡ collide  ã‚·ãƒ§ã‚¦
æ¶²,æ¶² fluid  ã‚¨ã‚­
ç®±,ç®± box  ã¯ã“
åˆ°,åˆ° arrive  ãƒˆã‚¦
åˆ¸,åˆ¸ certificate  ã‚±ãƒ³
è„š,è„š leg  ã‚­ãƒ£ã‚¯  ã‚­ãƒ£  ã‚ã—
è™,è™ tiger  ã‚³  ã¨ã‚‰
ç¥­,"ç¥­ festival  ã‚µã‚¤  ã¾ã¤.ã‚Š  ã¾ã¤.ã‚‹ to deify, enshrine"
æ½®,æ½® tide  ãƒãƒ§ã‚¦  ã—ãŠ
è¢‹,è¢‹ sack  ã‚¿ã‚¤  ãµãã‚ a sack
ç©´,ç©´ hole  ã‚±ãƒ„  ã‚ãª
æ€ª,"æ€ª skeptical  ã‚«ã‚¤  ã‚±  ã‚ã‚„.ã—ã„ suspicious-looking, dubious  ã‚ã‚„.ã—ã‚€ to be skeptical, to doubt"
ä»™,ä»™ hermit  ã‚»ãƒ³
ç‡ƒ,ç‡ƒ burn  ãƒãƒ³  ã‚‚.ãˆã‚‹ to be burning  ã‚‚.ã™  ã‚‚.ã‚„ã™ to make burn
è¼,è¼ shine  ã‚­  ã‹ãŒã‚„.ã to shine
ç·Š,ç·Š tight  ã‚­ãƒ³
é ‚,"é ‚ presented  ãƒãƒ§ã‚¦  ã„ãŸã .ã to be presented with, crowned  ã„ãŸã ã summit, top"
å”‡,å”‡ lips  ã‚·ãƒ³  ãã¡ã³ã‚‹
æ¯,"æ¯ cup  ãƒã‚¤  ã•ã‹ãšã cup, goblet"
å¿,å¿ endure  ãƒ‹ãƒ³  ã—ã®.ã¶ to endure; lie hidden  ã—ã®.ã°ã›ã‚‹ to conceal
æ¯’,æ¯’ poison  ãƒ‰ã‚¯
ç‹‚,ç‹‚ mad  ã‚­ãƒ§ã‚¦  ãã‚‹.ã† to go mad  ãã‚‹.ãŠã—ã„ to be nearly mad (with worry / grief)
æœ­,"æœ­ label  ã‚µãƒ„  ãµã  label, tag"
ç‹™,ç‹™ target  ã‚½  ã­ã‚‰.ã„  ã­ã‚‰.ã† to aim at
ç‰›,ç‰› cow  ã‚®ãƒ¥ã‚¦  ã†ã—
å¥ª,"å¥ª snatch  ãƒ€ãƒ„  ã†ã°.ã† to snatch (away), to take by force, to steal"
è¨º,"è¨º diagnosis  ã‚·ãƒ³  ã¿.ã‚‹ to diagnose, examine"
ç«œ,ç«œ dragon  ãƒªãƒ¥ã‚¦  ãŸã¤
è„‡,è„‡ armpit  ã‚ã
å‚µ,å‚µ debt  ã‚µã‚¤
éˆ´,éˆ´ small bell  ãƒ¬ã‚¤  ãƒªãƒ³  ã™ãš a small bell
åƒ§,åƒ§ Buddhist priest; monk  ã‚½ã‚¦
å’,å’ graduate; soldier  ã‚½ãƒ„
æ²,æ² put up a sign  ã‚±ã‚¤  ã‹ã‹.ã’ã‚‹ to put up a sign; to publish
ä¼¯,ä¼¯ chief; uncle  ãƒã‚¯
å‰¯,å‰¯ assistant  ãƒ•ã‚¯
çš†,çš† everyone  ã‚«ã‚¤  ã¿ãª
æ•¬,"æ•¬ respect  ã‚±ã‚¤  ã†ã‚„ã¾.ã† to respect, revere"
ç†Š,ç†Š bear  ãã¾ a bear
é‡,é‡ needle  ã‚·ãƒ³  ã¯ã‚Š
å¦¹,å¦¹ younger sister  ãƒã‚¤  ã„ã‚‚ã†ã¨
æ‹,"æ‹ pray  ãƒã‚¤  ãŠãŒ.ã‚€ to pray, to venerate"
æµ´,"æµ´ shower  ãƒ¨ã‚¯  ã‚.ã³ã‚‹ to shower, to bask in  ã‚.ã³ã›ã‚‹ to pour on"
æµª,æµª wandering  ãƒ­ã‚¦
æ¢…,æ¢… plum tree  ãƒã‚¤  ã†ã‚
æ‚©,"æ‚© troubled  ãƒã‚¦  ãªã‚„.ã‚€ to be troubled  ãªã‚„.ã¾ã™ to bother, annoy"
çœ‹,çœ‹ watch over  ã‚«ãƒ³
ä¿Š,ä¿Š genius  ã‚·ãƒ¥ãƒ³
æ±š,"æ±š dirty  ã‚ª  ããŸãª.ã„  ã‘ãŒ.ã™ to defile, stain  ã‘ãŒ.ã‚Œã‚‹ to be defiled  ã‘ãŒ.ã‚‰ã‚ã—ã„ dirty, defiled  ã‚ˆã”.ã™ to make dirty  ã‚ˆã”.ã‚Œã‚‹ to be dirty"
æ‘˜,"æ‘˜ pluck  ãƒ†ã‚­  ã¤.ã‚€ to pluck, pick, nip"
ç¯,ç¯ lamp  ãƒˆã‚¦  ã²
é …,é … paragraph  ã‚³ã‚¦
éœŠ,"éœŠ ghost  ãƒ¬ã‚¤  ãƒªãƒ§ã‚¦  ãŸã¾ ghost, spirit, soul"
åŠ,åŠ boy  ãƒœã‚¦  ãƒœãƒƒ
å°»,"å°» butt  ã—ã‚Š butt, buttocks"
å£,å£ hedge  ã‹ã
æ…¢,æ…¢ ridicule  ãƒãƒ³
æ‰±,æ‰± handle  ã‚ã¤ã‹.ã† to handle  ã‚ã¤ã‹.ã„ handling
æ¸‰,æ¸‰ ford  ã‚·ãƒ§ã‚¦
æ‹›,"æ‹› beckon  ã‚·ãƒ§ã‚¦  ã¾ã­.ã to beckon, invite"
æ¶™,æ¶™ tears  ãƒ«ã‚¤  ãªã¿ã 
å¦‚,å¦‚ same  ã‚¸ãƒ§  ãƒ‹ãƒ§
åœ,åœ halt  ãƒ†ã‚¤
å¯’,å¯’ cold  ã‚«ãƒ³  ã•ã‚€.ã„
äº†,äº† complete  ãƒªãƒ§ã‚¦
ç¸®,"ç¸® shrink  ã‚·ãƒ¥ã‚¯  ã¡ã¢.ã‚€ to shrink, be diminished  ã¡ã¢.ã¾ã‚‹ to be shortened  ã¡ã¢.ã‚ã‚‹ to abridge  ã¡ã¢.ã‚‰ã™ to crinkle, crimp  ã¡ã¢.ã‚Œã‚‹ to be frizzled, curly"
è©³,è©³ detailed  ã‚·ãƒ§ã‚¦  ãã‚.ã—ã„
æ—¦,æ—¦ dawn  ã‚¿ãƒ³  ãƒ€ãƒ³
æ±—,æ±— sweat  ã‚«ãƒ³  ã‚ã›
æ¥,æ¥ shame  ãƒ  ã¯ã˜  ã¯.ã˜ã‚‹ to feel ashamed  ã¯.ã˜ã‚‰ã† to be shy  ã¯.ãšã‹ã—ã„ ashamed
æ…®,æ…® consideration  ãƒªãƒ§
é›…,é›… elegant  ã‚¬
ç ²,ç ² cannon  ãƒ›ã‚¦
è¬€,è¬€ plan  ãƒœã‚¦  ãƒ   ã¯ã‹.ã‚‹ to plan
æ‡,"æ‡ nostalgic  ã‚«ã‚¤  ãªã¤.ã‹ã—ã‚€ to look back nostalgically  ãªã¤.ã‹ã—ã„  ãªã¤.ã‘ã‚‹ to win over, to endear  ãªã¤.ã to get attached to  ãµã¨ã“ã‚ bosom; purse; pocket"
æ„š,æ„š foolish  ã‚°  ãŠã‚.ã‹
éƒµ,éƒµ mail  ãƒ¦ã‚¦
èˆŒ,èˆŒ tongue  ã‚¼ãƒ„  ã—ãŸ
é§„,é§„ pack horse  ãƒ€
å¥´,å¥´ guy  ãƒ‰
å¹…,"å¹… breadth  ãƒ•ã‚¯  ã¯ã° breadth, width; range; influence"
è±†,è±† bean  ãƒˆã‚¦  ã‚º  ã¾ã‚
ç«¥,ç«¥ child  ãƒ‰ã‚¦  ã‚ã‚‰ã¹ a child
åˆ,åˆ again  ã¾ãŸ
éŠ­,"éŠ­ money  ã‚»ãƒ³  ãœã« money, coins"
æŠ‘,"æŠ‘ suppress  ãƒ¨ã‚¯  ãŠã•.ãˆã‚‹ to suppress, to control"
ä¾,ä¾ samurai  ã‚¸  ã•ã‚€ã‚‰ã„
ç–²,ç–² fatigue  ãƒ’  ã¤ã‹.ã‚Œã‚‹ to be tired
è™«,è™« insect  ãƒãƒ¥ã‚¦  ã‚€ã—
å®™,å®™ mid-air  ãƒãƒ¥ã‚¦
åŸ‹,åŸ‹ bury  ãƒã‚¤  ã†.ã‚ã‚‹ to bury  ã†.ã¾ã‚‹ be buried  ã†.ã‚‚ã‚Œã‚‹ be buried (in oblivion)
ç¯„,ç¯„ example  ãƒãƒ³
èˆŸ,èˆŸ boat  ã‚·ãƒ¥ã‚¦  ãµã­  ãµãª-
é—‡,é—‡ darkness  ã‚„ã¿
æ£’,æ£’ pole  ãƒœã‚¦
è²¨,è²¨ freight  ã‚«
è‚Œ,"è‚Œ skin  ã¯ã  skin, complexion"
è‡“,è‡“ entrails  ã‚¾ã‚¦
å¡©,å¡© salt  ã‚¨ãƒ³  ã—ãŠ
æ½œ,æ½œ lie hidden  ã‚»ãƒ³  ã²ã.ã‚€ to lie hidden  ã‚‚ã.ã‚‹ to dive into
é…”,"é…” drunk  ã‚¹ã‚¤  ã‚ˆ.ã† to be drunk, feel sick"
å‘‚,å‘‚ spine; ãƒ­ sound  ãƒªãƒ§  ãƒ­
é‚„,é‚„ send back  ã‚«ãƒ³
ä¸¹,ä¸¹ rust; vermilion  ã‚¿ãƒ³
äºœ,äºœ Asia  ã‚¢
äº€,äº€ turtle  ã‚­  ã‹ã‚
æ²¼,"æ²¼ marsh  ã‚·ãƒ§ã‚¦  ã¬ã¾ marsh, bog"
å·¡,å·¡ patrol  ã‚¸ãƒ¥ãƒ³  ã‚ã.ã‚‹ to patrol
å‡,å‡ level  ã‚­ãƒ³
æ¹–,æ¹– lake  ã‚³  ã¿ãšã†ã¿
è‡­,è‡­ foul-smelling  ã‚·ãƒ¥ã‚¦  ãã•.ã„  ã«ãŠ.ã† to smell (bad)
æ…¶,æ…¶ jubilation  ã‚±ã‚¤
è·,è· distance  ã‚­ãƒ§
é‡ˆ,é‡ˆ explanation  ã‚·ãƒ£ã‚¯
ä¾µ,ä¾µ invade  ã‚·ãƒ³  ãŠã‹.ã™ to invade
åƒš,åƒš companion  ãƒªãƒ§ã‚¦
è²§,è²§ poor  ãƒ’ãƒ³  ãƒ“ãƒ³  ã¾ãš.ã—ã„
æ,"æ injure  ã‚½ãƒ³  ãã“.ãªã†  ãã“.ã­ã‚‹ to injure, to harm"
æ‚Ÿ,"æ‚Ÿ enlightenment  ã‚´  ã•ã¨.ã‚‹ to be enlightened, to realise"
è†,è† knee  ã²ã–
çŒ«,çŒ« cat  ãƒ“ãƒ§ã‚¦  ã­ã“
éš†,éš† prosperity  ãƒªãƒ¥ã‚¦
è£‚,"è£‚ tear  ãƒ¬ãƒ„  ã•.ã to tear (tr), to split  ã•.ã‘ã‚‹ to be torn, to be split, to burst"
å°‹,"å°‹ inquire  ã‚¸ãƒ³  ãŸãš.ã­ã‚‹ to inquire, to seek"
è²¸,è²¸ lend  ã‚¿ã‚¤  ã‹.ã™ to lend
æ——,"æ—— flag  ã‚­  ã¯ãŸ flag, banner"
ç¾…,ç¾… gauze  ãƒ©
æ®,æ® brandish  ã‚­
è¾›,è¾› spicy  ã‚·ãƒ³  ã‹ã‚‰.ã„
ç¥¨,ç¥¨ ballot  ãƒ’ãƒ§ã‚¦
ç¨²,ç¨² rice plant  ãƒˆã‚¦  ã„ã­  ã„ãª-
èƒ,èƒ placenta  ãƒ›ã‚¦
åŒ,åŒ pair  ã‚½ã‚¦  ãµãŸ
æ‡¸,æ‡¸ hang  ã‚±  ã‚±ãƒ³  ã‹.ã‘ã‚‹ to hang  ã‹.ã‹ã‚‹ to be hanging
ç¨¿,ç¨¿ manuscript  ã‚³ã‚¦
å¡š,"å¡š hillock  ã¤ã‹ hillock, mound"
ç›¤,ç›¤ tray  ãƒãƒ³
ç½,ç½ disaster  ã‚µã‚¤  ã‚ã–ã‚.ã„
æ›¹,æ›¹ cadet  ã‚½ã‚¦
å°½,"å°½ exhausted  ã‚¸ãƒ³  ã¤.ãã‚‹ to be exhausted  ã¤.ãã™ to use up, exhaust  ã¤.ã‹ã™ to be disgusted with, give up on"
å«,"å« marry into  ã‚«  ã¨ã¤.ã to marry (into, off)  ã‚ˆã‚ bride"
ç¹,ç¹ luxuriant  ãƒãƒ³
å³,å³ an instant  ã‚½ã‚¯
è»’,è»’ building  ã‚±ãƒ³  ã®ã eaves
ç¸¾,ç¸¾ achievement  ã‚»ã‚­
å¸³,å¸³ notebook  ãƒãƒ§ã‚¦
é£¾,é£¾ decorate  ã‚·ãƒ§ã‚¯  ã‹ã–.ã‚‹ to decorate
æ²¿,"æ²¿ run parallel to  ã‚¨ãƒ³  ã.ã† to run parallel to, follow, run along"
ç²,ç² seize  ã‚«ã‚¯  ãˆ.ã‚‹ to seize
ä¼´,ä¼´ accompany  ãƒãƒ³  ãƒãƒ³  ã¨ã‚‚ãª.ã† to accompany
å”,"å” T'ang Dynasty  ãƒˆã‚¦  ã‹ã‚‰ T'ang Dynasty, China"
ç‹­,ç‹­ narrow  ã‚­ãƒ§ã‚¦  ã›ã¾.ã„  ã›ã°.ã¾ã‚‹ to become narrow  ã›ã°.ã‚ã‚‹ to make narrow
å¹²,"å¹² dry; drying frame  ã‚«ãƒ³  ã².ã‚‹ to get dry  ã».ã™ to dry (something), to air"
æ·»,"æ·» accompany  ãƒ†ãƒ³  ã.ã† to accompany  ã.ãˆã‚‹ to add (to), to append"
å‰¤,å‰¤ dose  ã‚¶ã‚¤
å§“,å§“ surname  ã‚»ã‚¤  ã‚·ãƒ§ã‚¦
èª¤,"èª¤ error  ã‚´  ã‚ã‚„ã¾.ã‚‹ to err, to make a mistake"
é­…,é­… charming  ãƒŸ
å¥‘,"å¥‘ pledge  ã‚±ã‚¤  ã¡ã.ã‚‹ to pledge, vow, promise"
æ˜,æ˜ dig  ã‚¯ãƒ„  ã».ã‚‹ to dig
é‚ª,é‚ª evil  ã‚¸ãƒ£
æŒ‘,æŒ‘ challenge  ãƒãƒ§ã‚¦  ã„ã©.ã‚€ to challenge
å…,"å… escape  ãƒ¡ãƒ³  ã¾ã¬ã‹.ã‚Œã‚‹ to escape, be exempted from"
çˆµ,çˆµ baron  ã‚·ãƒ£ã‚¯
æŠ,æŠ selection  ã‚¿ã‚¯
ç±,ç± register  ã‚»ã‚­
ç,"ç rare  ãƒãƒ³  ã‚ãšã‚‰.ã—ã„ rare, unusual"
å»Š,å»Š corridor  ãƒ­ã‚¦
æ,æ take apart  ã‚»ã‚­
è¨“,è¨“ teaching  ã‚¯ãƒ³
é ,é  deposit  ãƒ¨  ã‚ãš.ã‘ã‚‹ to deposit  ã‚ãš.ã‹ã‚‹ to receive on deposit
è¼©,è¼© colleague  ãƒã‚¤
æ•,æ• cleverness  ãƒ“ãƒ³
ç½²,ç½² station; signature  ã‚·ãƒ§
é¶´,é¶´ crane  ã¤ã‚‹
è™š,è™š void  ã‚­ãƒ§  ã‚³
åŠª,"åŠª work  ãƒ‰  ã¤ã¨.ã‚ã‚‹ to work, to toil"
å¾€,å¾€ journey  ã‚ªã‚¦
è¶£,"è¶£ gist  ã‚·ãƒ¥  ãŠã‚‚ã‚€ã gist, purport; appearance"
çƒˆ,çƒˆ intense  ãƒ¬ãƒ„
ç´¢,ç´¢ searching  ã‚µã‚¯
åŒ‚,åŒ‚ fragrant  ã«ãŠ.ã„  ã«ãŠ.ã† to be fragrant
æ¼,æ¼ fishing  ã‚®ãƒ§  ãƒªãƒ§ã‚¦
æ‘©,æ‘© chafe  ãƒ
èŠ,èŠ chrysanthemum  ã‚­ã‚¯
ç·‘,ç·‘ green  ãƒ­ã‚¯  ãƒªãƒ§ã‚¯  ã¿ã©ã‚Š
æ»‘,æ»‘ slide  ã‚«ãƒ„  ã‚³ãƒ„  ã™ã¹.ã‚‹ to slide  ãªã‚.ã‚‰ã‹ smooth
æ²™,æ²™ sand  ã‚µ
è£¸,è£¸ naked  ãƒ©  ã¯ã ã‹
å­,å­ filial piety  ã‚³ã‚¦
ç¶±,ç¶± rope  ã‚³ã‚¦  ã¤ãª
é‚¸,é‚¸ mansion  ãƒ†ã‚¤
å‹‰,å‹‰ exertion  ãƒ™ãƒ³
é‚¦,é‚¦ home country  ãƒ›ã‚¦
æš,"æš raise  ãƒ¨ã‚¦  ã‚.ã’ã‚‹ to raise, hoist  ã‚.ãŒã‚‹ to be raised up"
å“,å“ superior; table  ã‚¿ã‚¯
é¨,é¨ equestrian  ã‚­
å¢“,å¢“ grave  ãƒœ  ã¯ã‹
å§«,å§« princess  ã²ã‚
ç•³,ç•³ fold  ã‚¸ãƒ§ã‚¦  ãŸãŸ.ã‚€ to fold up  ãŸãŸã¿ tatami
å­”,å­” cavity  ã‚³ã‚¦
è€,"è€ endure  ã‚¿ã‚¤  ãŸ.ãˆã‚‹ to endure, bear"
é ˆ,é ˆ ought  ã‚¹
è‡¨,"è‡¨ to face  ãƒªãƒ³  ã®ã.ã‚€ to face, look out on"
çŒ®,çŒ® offering  ã‚±ãƒ³  ã‚³ãƒ³
è„ˆ,è„ˆ vein  ãƒŸãƒ£ã‚¯
å’²,"å’² blossom  ã•.ã to blossom, bloom"
è²¿,è²¿ trade  ãƒœã‚¦
èŠ,èŠ lawn  ã—ã°
è¸Š,"è¸Š dance  ãƒ¨ã‚¦  ğŸ‘ŒãŠã©.ã‚Š a dance  ãŠã©.ã‚‹ to jump, to dance"
å”±,å”± chant  ã‚·ãƒ§ã‚¦  ã¨ãª.ãˆã‚‹ to chant; advocate
å°,å° seal  ãƒ•ã‚¦  ãƒ›ã‚¦
äº­,äº­ pavilion  ãƒ†ã‚¤
èª•,èª• birth  ã‚¿ãƒ³
è²«,è²« pierce  ã‚«ãƒ³  ã¤ã‚‰ã¬.ã to pierce
å…†,"å…† sign  ãƒãƒ§ã‚¦  ãã–.ã— sign, indication  ãã–.ã™ to show signs (of)"
å½,"å½ lie  ã‚®  ã„ã¤ã‚.ã‚‹ to lie  ã«ã› imitation, false"
å¥®,å¥® lively  ãƒ•ãƒ³  ãµã‚‹.ã† to be lively
æ¡œ,æ¡œ cherry tree  ã‚ªã‚¦  ã•ãã‚‰
ç†Ÿ,"ç†Ÿ come to fruition  ã‚¸ãƒ¥ã‚¯  ã†.ã‚Œã‚‹ to come to fruition, to ripen"
æŸ±,æŸ± pillar  ãƒãƒ¥ã‚¦  ã¯ã—ã‚‰
æ’,æ’ reject  ãƒã‚¤
é€,é€ transparent  ãƒˆã‚¦  ã™.ã  ã™.ã‘ã‚‹ to be transparent  ã™.ã‹ã™ to look through
æ£„,æ£„ abandon  ã‚­
é§,é§ stop over  ãƒãƒ¥ã‚¦
å‰Š,"å‰Š sharpen  ã‚µã‚¯  ã‘ãš.ã‚‹ to sharpen, plane, shave"
å¥,å¥ play an instrument  ã‚½ã‚¦  ã‹ãª.ã§ã‚‹ to play an instrument
å¹»,"å¹» illusion  ã‚²ãƒ³  ã¾ã¼ã‚ã— illusion, phantasm"
ç¥,ç¥ celebrate  ã‚·ãƒ¥ã‚¯  ã‚·ãƒ¥ã‚¦  ã„ã‚.ã† to celebrate
éº—,"éº— lovely  ãƒ¬ã‚¤  ã†ã‚‹ã‚.ã—ã„ lovely, fine"
é€®,é€® apprehend  ã‚¿ã‚¤
èª ,"èª  sincere  ã‚»ã‚¤  ã¾ã“ã¨ sincerity, truth"
ç‚,"ç‚ blaze  ã‚¨ãƒ³  ã»ã®ãŠ blaze, flame"
ç‚­,"ç‚­ coal  ã‚¿ãƒ³  ã™ã¿ coal, charcoal"
æ¤…,æ¤… chair  ã‚¤
å¯›,å¯› lenient  ã‚«ãƒ³
æ–‰,æ–‰ equal  ã‚»ã‚¤
ç©‚,ç©‚ ear (of a plant)  ã‚¹ã‚¤  ã»
æŸ”,æŸ” soft  ã‚¸ãƒ¥ã‚¦  ãƒ‹ãƒ¥ã‚¦  ã‚„ã‚.ã‚‰ã‹ã„
å¹¾,"å¹¾ how many  ã‚­  ã„ã- how many, how much"
å…¼,å…¼ double  ã‚±ãƒ³  ã‹.ã­ã‚‹ to be unable to; to double up as
é£¼,"é£¼ raise animals  ã‚·  ã‹.ã† to raise (animals), rear"
ä¿ƒ,"ä¿ƒ press (into action)  ã‚½ã‚¯  ã†ãªãŒ.ã™ to press, to stimulate"
é›‡,é›‡ employ  ã‚³  ã‚„ã¨.ã† to employ
ä¹¾,"ä¹¾ dry up  ã‚«ãƒ³  ã‹ã‚.ã to dry up  ã‹ã‚.ã‹ã™ to dry, desiccate"
å°š,å°š furthermore  ã‚·ãƒ§ã‚¦
å½©,"å½© to color  ã‚µã‚¤  ã„ã‚ã©.ã‚‹ to color, to paint"
é‹­,é‹­ sharp  ã‚¨ã‚¤  ã™ã‚‹ã©.ã„
æš–,"æš– warm  ãƒ€ãƒ³  ã‚ãŸãŸ.ã‹ warm, genial  ã‚ãŸãŸ.ã‹ã„  ã‚ãŸãŸ.ã¾ã‚‹ to get warm  ã‚ãŸãŸ.ã‚ã‚‹ to heat"
ä¿—,ä¿— vulgar  ã‚¾ã‚¯
è¼ƒ,è¼ƒ compare  ã‚«ã‚¯
å‚,å‚ bystander  ãƒœã‚¦  ã‹ãŸã‚.ã‚‰ alongside
è‚,è‚ liver  ã‚«ãƒ³  ãã‚‚
ç•‘,ç•‘ cultivated field  ã¯ãŸ  ã¯ãŸã‘
å³°,"å³° summit  ãƒ›ã‚¦  ã¿ã­ summit, peak"
æ°·,æ°· ice  ãƒ’ãƒ§ã‚¦  ã²  ã“ãŠã‚Š
æŠµ,æŠµ resist  ãƒ†ã‚¤
æ©,æ© grace  ã‚ªãƒ³
èª‡,"èª‡ boast  ã‚³  ã»ã“.ã‚‹ to boast of, be proud of"
ç¶²,"ç¶² mesh  ãƒ¢ã‚¦  ã‚ã¿ mesh, net"
éš…,"éš… corner  ã‚°ã‚¦  ã™ã¿ corner, niche"
æ¸‹,"æ¸‹ astringent  ã‚¸ãƒ¥ã‚¦  ã—ã¶  ã—ã¶.ã„ astringent, sour  ã—ã¶.ã‚‹ to be reluctant"
å†Š,å†Š volume  ã‚µãƒ„  ã‚µã‚¯
è³›,è³› agreement  ã‚µãƒ³
ç³¸,ç³¸ thread  ã‚·  ã„ã¨
é­‚,"é­‚ soul  ã‚³ãƒ³  ãŸã¾ã—ã„ soul, spirit"
ç‰§,ç‰§ pasture  ãƒœã‚¯  ã¾ã
æ§,"æ§ restrain oneself  ã‚³ã‚¦  ã²ã‹.ãˆã‚‹ to restrain oneself, to refrain; to be withdrawn"
ç´›,"ç´› confused  ãƒ•ãƒ³  ã¾ã.ã‚Œã‚‹ to be confused  ã¾ã.ã‚‰ã‚ã™ to make confusing  ã¾ã.ã‚‰ã‚ã—ã„ ambiguous, confusing  ã¾ã.ã‚‰ã™ to divert, distract"
å‹Ÿ,å‹Ÿ appeal for  ãƒœ  ã¤ã®.ã‚‹ to appeal for; to become stronger
æˆ’,"æˆ’ warn  ã‚«ã‚¤  ã„ã¾ã—.ã‚ã‚‹ to warn, admonish"
æ²¡,æ²¡ sink  ãƒœãƒ„
æ—¢,æ—¢ already  ã‚­  ã™ã§.ã«
è‚¡,è‚¡ thigh  ã‚³  ã¾ãŸ crotch; tines (of a fork)
è„…,"è„… threaten  ã‚­ãƒ§ã‚¦  ãŠã©.ã™  ãŠã©.ã‹ã™  ãŠã³ã‚„.ã‹ã™ to threaten, to intimidate"
å¾,å¾ subjugate  ã‚»ã‚¤
è¦†,"è¦† overturned  ãƒ•ã‚¯  ãã¤ãŒãˆ.ã‚‹ to be overturned  ãã¤ãŒãˆ.ã™ to overturn  ãŠãŠ.ã† to conceal, disguise"
éƒ¡,éƒ¡ county  ã‚°ãƒ³
ä¸˜,ä¸˜ hill  ã‚­ãƒ¥ã‚¦  ãŠã‹
ä½³,ä½³ beautiful  ã‚«
å”,å” uncle  ã‚·ãƒ¥ã‚¯
è¨—,è¨— entrust  ã‚¿ã‚¯
å“€,"å“€ piteous  ã‚¢ã‚¤  ã‚ã‚.ã‚Œ piteous, sorrowful  ã‚ã‚.ã‚Œã‚€ to feel pity"
è‚¥,"è‚¥ manure  ãƒ’  ã“ãˆ  ã“.ãˆã‚‹ to grow fat  ã“.ã‚„ã™ to fertilize  ã“.ã‚„ã— fertilizer, manure"
æœ—,æœ— cheerful  ãƒ­ã‚¦  ã»ãŒ.ã‚‰ã‹ cheerful; melodious
æ…,"æ… discreet  ã‚·ãƒ³  ã¤ã¤ã—.ã‚€ to be discreet, to be modest, to be restrained"
æ‚ ,æ‚  permanence  ãƒ¦ã‚¦
çœ‰,çœ‰ eyebrow  ãƒ“  ãƒŸ  ã¾ã‚†
æ‹’,æ‹’ refuse  ã‚­ãƒ§  ã“ã°.ã‚€ to refuse
æ¦‚,æ¦‚ approximate  ã‚¬ã‚¤
é¡§,"é¡§ reflect  ã‚³  ã‹ãˆã‚Š.ã¿ã‚‹ to reflect, to look back"
ç¡¬,ç¡¬ hard  ã‚³ã‚¦  ã‹ãŸ.ã„
è…,è… go bad  ãƒ•  ãã•.ã‚‹  ãã•.ã‚‰ã™  ãã•.ã‚Œã‚‹ to go bad
å¡—,å¡— paint  ãƒˆ  ã¬.ã‚‹ to paint
æŒ¨,æŒ¨ push open  ã‚¢ã‚¤
å­¤,å­¤ alone  ã‚³
æ‹¶,æ‹¶ imminent  ã‚µãƒ„
æ†,"æ† hate  ã‚¾ã‚¦  ã«ã.ã‚€ to hate  ã«ã.ã—ã¿ hatred  ã«ã.ã„  ã«ã.ã‚‰ã—ã„ odious, hateful"
å´,å´ withdraw  ã‚­ãƒ£ã‚¯
æ³¥,æ³¥ mud  ãƒ‡ã‚¤  ã©ã‚
è³Š,è³Š burglar  ã‚¾ã‚¯
è˜,è˜ villa  ã‚½ã‚¦
åŒ ,åŒ  artisan  ã‚·ãƒ§ã‚¦
æ‚”,"æ‚” regret  ã‚«ã‚¤  ã.ã„ã‚‹  ã.ã‚„ã‚€ to regret  ãã‚„.ã—ã„ vexing, disappointing"
ç„,ç„ prison  ã‚´ã‚¯
æ»,æ» stay over  ã‚¿ã‚¤  ã¨ã©ã“ãŠ.ã‚‹ to pile up (work etc)
è„‚,"è„‚ fat  ã‚·  ã‚ã¶ã‚‰ fat, grease"
ç²‰,"ç²‰ flour  ãƒ•ãƒ³  ã“ãª  ã“ flour, powder"
é‡,é‡ entertain  ã‚°ã‚¦
æ·¡,"æ·¡ thin  ã‚¿ãƒ³  ã‚ã‚.ã„ thin, pale, faint"
è³¼,è³¼ purchase  ã‚³ã‚¦
ä½µ,"ä½µ combine  ãƒ˜ã‚¤  ã‚ã‚.ã›ã‚‹ to combine, put together, unite"
å´‡,å´‡ respect  ã‚¹ã‚¦
å”¯,å”¯ only  ãƒ¦ã‚¤  ã‚¤
å‚,"å‚ hang down; hanging  ã‚¹ã‚¤  ãŸ.ã‚‰ã™ to hang down, to suspend  ãŸ.ã‚Œã‚‹ to be dangling, to drip"
è©,è© part of speech  ã‚·
å²,å² branch off  ã‚­  ã‚®
ä¿³,ä¿³ actor; haiku  ãƒã‚¤
ç­’,"ç­’ cylinder  ãƒˆã‚¦  ã¤ã¤ cylinder, tube, pipe"
æ–œ,"æ–œ diagonal  ã‚·ãƒ£  ãªãª.ã‚ diagonal, oblique"
å¬¢,å¬¢ lass  ã‚¸ãƒ§ã‚¦
é™¥,"é™¥ fall into  ã‚«ãƒ³  ãŠã¡ã„.ã‚‹ to fall into  ãŠã¨ã—ã„.ã‚Œã‚‹ to let fall into, trick"
æƒ,æƒ sweep  ã‚½ã‚¦  ã¯.ã to sweep
å„Ÿ,å„Ÿ make reparations  ã‚·ãƒ§ã‚¦  ã¤ããª.ã† to make reparations
é‘‘,é‘‘ example  ã‚«ãƒ³  ã‹ã‚“ãŒ.ã¿ã‚‹ to take into account
å‹§,"å‹§ persuade  ã‚«ãƒ³  ã™ã™.ã‚ã‚‹ to persuade, encourage"
è‘¬,"è‘¬ bury  ã‚½ã‚¦  ã»ã†ã‚€.ã‚‹ to bury, inter"
ç„¦,"ç„¦ impatience  ã‚·ãƒ§ã‚¦  ã‚ã›.ã‚‹ to be impatient  ã“.ã’ã‚‹ to be burned, to be scorched  ã“.ãŒã™ to burn, to scorch  ã“.ãŒã‚Œã‚‹ to yearn for, to be in love with"
å‰›,å‰› sturdy  ã‚´ã‚¦
è†¨,"è†¨ swell  ãƒœã‚¦  ãµã.ã‚‰ã‚€ to swell, bulge, expand  ãµã.ã‚Œã‚‹ to swell; to sulk"
å»·,å»· court  ãƒ†ã‚¤
ç´«,ç´« purple  ã‚·  ã‚€ã‚‰ã•ã
éŠ˜,éŠ˜ inscription  ãƒ¡ã‚¤
éŒ,éŒ sickle  ã‹ã¾ a sickle
èŒ,èŒ germ  ã‚­ãƒ³
ç¨¼,"ç¨¼ work  ã‚«  ã‹ã›.ã to work, earn a living"
å¶,å¶ accidentally  ã‚°ã‚¦
è­²,"è­² yield  ã‚¸ãƒ§ã‚¦  ã‚†ãš.ã‚‹ to yield, concede; to transfer, assign"
éš,éš follow  ã‚ºã‚¤
çŒ›,çŒ› fierce  ãƒ¢ã‚¦
é‚,"é‚ accomplish  ã‚¹ã‚¤  ã¨.ã’ã‚‹ accomplish, attain"
å†’,"å†’ to brave  ãƒœã‚¦  ãŠã‹.ã™ to brave, risk"
æ³°,æ³° peaceful  ã‚¿ã‚¤
ç¿¼,ç¿¼ wing  ãƒ¨ã‚¯  ã¤ã°ã•
å¿™,å¿™ busy  ãƒœã‚¦  ã„ããŒ.ã—ã„
å‡„,å‡„ weird  ã‚»ã‚¤
åº,åº preface  ã‚¸ãƒ§
æ‰‰,æ‰‰ door  ãƒ’  ã¨ã³ã‚‰
æ˜¯,æ˜¯ just so  ã‚¼
å¯¸,å¯¸ inch  ã‚¹ãƒ³
è³ƒ,è³ƒ wages  ãƒãƒ³
åµ,åµ spy  ãƒ†ã‚¤
æ¾„,æ¾„ become clear  ãƒãƒ§ã‚¦  ã™.ã‚€ to become clear  ã™.ã¾ã™ to make clear
æ®Š,"æ®Š distinctive  ã‚·ãƒ¥  ã“ã¨ distinctive, particular"
ç·©,"ç·© loose  ã‚«ãƒ³  ã‚†ã‚‹.ã„  ã‚†ã‚‹.ã‚„ã‹ gentle, lenient  ã‚†ã‚‹.ã‚€ to be/become loose  ã‚†ã‚‹.ã‚ã‚‹ to loosen"
é ‘,é ‘ stubborn  ã‚¬ãƒ³
å¡”,å¡” pagoda  ãƒˆã‚¦
è³¢,è³¢ wise  ã‚±ãƒ³  ã‹ã—ã“.ã„
æ‹¾,æ‹¾ pick up  ã‚·ãƒ¥ã‚¦  ã‚¸ãƒ¥ã‚¦  ã²ã‚.ã† to pick up
ç´‹,ç´‹ family crest  ãƒ¢ãƒ³
éº¦,"éº¦ wheat  ãƒã‚¯  ã‚€ã wheat, barley"
ç³–,ç³– sugar  ãƒˆã‚¦
ç…®,ç…® boil  ã‚·ãƒ£  ã«.ã‚‹ to boil  ã«.ãˆã‚‹ to be boiled  ã«.ã‚„ã™ to boil (esp. emotions)
èŠ³,èŠ³ fragrant  ãƒ›ã‚¦  ã‹ã‚“ã°.ã—ã„
åˆ·,åˆ· print  ã‚µãƒ„  ã™.ã‚‹ to print
æƒ¨,"æƒ¨ miserable  ã‚µãƒ³  ã‚¶ãƒ³  ã¿ã˜.ã‚ miserable, wretched"
æ­“,æ­“ delight  ã‚«ãƒ³
è™,"è™ tyrannize  ã‚®ãƒ£ã‚¯  ã—ã„ãŸ.ã’ã‚‹ to tyrannize, oppress"
å–‰,å–‰ throat  ã‚³ã‚¦  ã®ã©
æ—¨,æ—¨ content; purport  ã‚·  ã‚€ã­
å‡,"å‡ congeal  ã‚®ãƒ§ã‚¦  ã“.ã‚‰ã™ to concentrate (on), to strain  ã“.ã‚‹ to get stiff; be absorbed in"
åœ,åœ range  ã‚±ãƒ³
åµ,åµ egg  ãƒ©ãƒ³  ãŸã¾ã”
æ‹­,"æ‹­ wipe  ã‚·ãƒ§ã‚¯  ã¬ã.ã† to wipe, to get rid of  ãµ.ã to wipe, to dry"
æ¶¯,æ¶¯ shore  ã‚¬ã‚¤
è²,è² upright  ãƒ†ã‚¤
å …,"å … tough  ã‚±ãƒ³  ã‹ãŸ.ã„ tough, hard, strict"
å€«,å€« principle  ãƒªãƒ³
å£‡,å£‡ podium  ãƒ€ãƒ³  ã‚¿ãƒ³
å‘‰,å‘‰ give  ã‚´
æ¢°,æ¢° contraption  ã‚«ã‚¤
æš‡,æš‡ free time  ã‚«  ã²ã¾
çš¿,çš¿ dish  ã•ã‚‰
è²Œ,è²Œ appearance  ãƒœã‚¦
å¡,"å¡ close up  ã‚µã‚¤  ã‚½ã‚¯  ãµã•.ã to close up (a wound), block up  ãµã•.ãŒã‚‹ to be occupied (seat etc)"
å™´,"å™´ erupt  ãƒ•ãƒ³  ãµ.ã to erupt, sprout"
å©†,å©† old woman  ãƒ
å²³,å²³ mountain peak  ã‚¬ã‚¯  ãŸã‘
ç¥ˆ,ç¥ˆ pray  ã‚­  ã„ã®.ã‚‹ to pray
è¹´,è¹´ kick  ã‚·ãƒ¥ã‚¦  ã‘.ã‚‹ to kick
éµ,éµ key  ã‚±ãƒ³  ã‹ã key; lock
è†³,è†³ tray  ã‚¼ãƒ³
å°º,å°º shaku  ã‚·ãƒ£ã‚¯
ç½°,ç½° punishment  ãƒãƒ„  ãƒãƒ
æ¼,"æ¼ leak  ãƒ­ã‚¦  ã‚‚.ã‚‹  ã‚‚.ã‚Œã‚‹ to leak  ã‚‚.ã‚‰ã™ to let leak, to divulge"
ç°,ç° ash  ã‚«ã‚¤  ã¯ã„ ashes
æœ±,æœ± scarlet  ã‚·ãƒ¥
å¬,å¬ summon  ã‚·ãƒ§ã‚¦  ã‚.ã™ to summon
è¦§,è¦§ look at  ãƒ©ãƒ³
æ¼‚,"æ¼‚ drift about  ãƒ’ãƒ§ã‚¦  ãŸã ã‚ˆ.ã† to drift about, float"
æ±,"æ± soup  ã‚¸ãƒ¥ã‚¦  ã—ã‚‹ soup, juice"
æº¶,"æº¶ dissolve  ãƒ¨ã‚¦  ã¨.ã‘ã‚‹ to dissolve, to melt  ã¨.ã  ã¨.ã‹ã™ to dissolve (tr), to (cause to) melt"
å¯‚,"å¯‚ lonely  ã‚¸ãƒ£ã‚¯  ã‚»ã‚­  ã•ã³.ã—ã„  ã•ã³ elegant simplicity  ã•ã³.ã‚Œã‚‹ to go downhill, to decline"
å˜†,"å˜† regrettable  ã‚¿ãƒ³  ãªã’.ã‹ã‚ã—ã„ regrettable, deplorable  ãªã’.ã to regret, grieve, lament"
æ³³,æ³³ swim  ã‚¨ã‚¤  ãŠã‚ˆ.ã
ç¦…,ç¦… Zen  ã‚¼ãƒ³
æµ„,æµ„ clean  ã‚¸ãƒ§ã‚¦
é…·,é…· cruel  ã‚³ã‚¯
åˆƒ,åˆƒ blade  ã‚¸ãƒ³  ã¯
æ¼«,æ¼« random  ãƒãƒ³
ç£¨,"ç£¨ polish  ãƒ  ã¿ãŒ.ã to polish, grind"
éœ§,éœ§ fog  ãƒ   ãã‚Š
æš‘,æš‘ hot (weather)  ã‚·ãƒ§  ã‚ã¤.ã„
ç²’,ç²’ grain  ãƒªãƒ¥ã‚¦  ã¤ã¶ a grain
å–«,å–« eat; drink; smoke  ã‚­ãƒ„
æ£š,æ£š shelf  ãŸãª
è¢–,è¢– sleeve  ã‚·ãƒ¥ã‚¦  ãã§
å£®,å£® manly  ã‚½ã‚¦
æ—¬,æ—¬ season  ã‚·ãƒ¥ãƒ³  ã‚¸ãƒ¥ãƒ³
æœº,æœº desk  ã‚­  ã¤ããˆ
å½«,"å½« sculpt  ãƒãƒ§ã‚¦  ã».ã‚‹ to sculpt, to carve"
é´,é´ shoes  ã‚«  ãã¤
éœ€,éœ€ need  ã‚¸ãƒ¥
å‰,"å‰ illustrious  ã‚¤  ãˆã‚‰.ã„ illustrious, famous"
é–,é– chain  ã‚µ  ãã•ã‚Š a chain
æ½°,æ½° destroy  ã‚«ã‚¤  ã¤ã¶.ã™ to destroy  ã¤ã¶.ã‚Œã‚‹ to be destroyed
è²¯,è²¯ savings  ãƒãƒ§
åŒ¹,åŒ¹ counter for animals  ãƒ’ãƒ„  ã²ã
ç¸¦,"ç¸¦ vertical  ã‚¸ãƒ¥ã‚¦  ãŸã¦ vertical, length"
ç²§,ç²§ cosmetics  ã‚·ãƒ§ã‚¦
ç¶¿,ç¶¿ cotton  ãƒ¡ãƒ³  ã‚ãŸ
æ…Œ,"æ…Œ disconcerted  ã‚³ã‚¦  ã‚ã‚.ãŸã ã—ã„ disconcerted, hassled, busy, hurried, confused  ã‚ã‚.ã¦ã‚‹ to be in a rush"
ç©,"ç© calm  ã‚ªãƒ³  ãŠã .ã‚„ã‹ calm, tranquil"
è´ˆ,"è´ˆ to present  ã‚¾ã‚¦  ãŠã.ã‚‹ to present, to give"
æ ,æ  framework  ã‚ã
è¬,è¬ riddle  ãªã
èª‰,"èª‰ glory  ãƒ¨  ã»ã¾.ã‚Œ glory, honour"
é€¸,é€¸ idle  ã‚¤ãƒ„
é§’,"é§’ pony; pawn  ã“ã¾ pony; pawn (in shogi, chess, etc.)"
å‡,"å‡ freeze  ãƒˆã‚¦  ã“ãŠ.ã‚‹ to freeze  ã“ã”.ãˆã‚‹ to be chilled, numbed, frozen"
æƒœ,"æƒœ regret  ã‚»ã‚­  ãŠ.ã—ã„ regrettable, precious, wasteful  ãŠ.ã—ã‚€ to regret, value; to be frugal"
æª,æª set aside  ã‚½
ç“¶,ç“¶ flower pot  ãƒ“ãƒ³
æ™¶,æ™¶ clear  ã‚·ãƒ§ã‚¦
ç´,ç´ koto  ã‚­ãƒ³  ã“ã¨ koto (Japanese harp)
æ‘‚,æ‘‚ absorb  ã‚»ãƒ„
æ‹,æ‹ clap  ãƒã‚¯  ãƒ’ãƒ§ã‚¦
ç¨½,ç¨½ think  ã‚±ã‚¤
ç¤,"ç¤ cornerstone  ã‚½  ã„ã—ãšãˆ cornerstone, foundation"
é­,é­ meet  ã‚½ã‚¦  ã‚.ã† to meet (often with negative nuance); to encounter
å¸½,å¸½ cap  ãƒœã‚¦
æŒ,æŒ palm  ã‚·ãƒ§ã‚¦
é‹,é‹ pot  ãªã¹
å¼“,å¼“ bow  ã‚­ãƒ¥ã‚¦  ã‚†ã¿ a bow
å…‹,å…‹ overcome  ã‚³ã‚¯
æ®,æ® to put into position  ã™.ãˆã‚‹  ã™.ã‚ã‚‹ to sit
èƒ†,èƒ† gall bladder  ã‚¿ãƒ³
è·³,"è·³ jump  ãƒãƒ§ã‚¦  ã¯.ã­ã‚‹ to jump, to leap  ã¨.ã¶ to vault"
ç¸›,ç¸› bind  ãƒã‚¯  ã—ã°.ã‚‹ to bind
é®,"é® quieten  ãƒãƒ³  ã—ãš.ã‚ã‚‹ to quieten, to tranquilize  ã—ãš.ã¾ã‚‹ to become quiet"
é›·,é›· thunder  ãƒ©ã‚¤  ã‹ã¿ãªã‚Š
æ¶¼,æ¶¼ refreshing  ãƒªãƒ§ã‚¦  ã™ãš.ã—ã„  ã™ãš.ã‚€ to cool oneself off
æ¨,"æ¨ bear a grudge  ã‚³ãƒ³  ã†ã‚‰.ã‚€ to bear a grudge  ã†ã‚‰.ã‚ã—ã„ resentful, regretful"
é¡•,é¡• appear  ã‚±ãƒ³
æ®–,"æ®– increase  ã‚·ãƒ§ã‚¯  ãµ.ãˆã‚‹ to increase, to swell  ãµ.ã‚„ã™ to augment, multiply"
å¯§,å¯§ preferable  ãƒã‚¤
æ¹§,"æ¹§ gush  ãƒ¦ã‚¦  ã‚.ã to gush, spring up, breed"
æ£‹,æ£‹ chess piece  ã‚­
å·§,"å·§ skill  ã‚³ã‚¦  ãŸã.ã¿ skill, adroitness"
æµ¸,æµ¸ to soak  ã‚·ãƒ³  ã²ãŸ.ã™  ã²ãŸ.ã‚‹ to be soaked
ç§’,ç§’ a second  ãƒ“ãƒ§ã‚¦
æ¡ƒ,æ¡ƒ peach tree  ãƒˆã‚¦  ã‚‚ã‚‚
éš”,"éš” to set apart  ã‚«ã‚¯  ã¸ã .ã¦ã‚‹ to set apart, to separate, to isolate  ã¸ã .ãŸã‚‹ to be distant from"
ç­,ç­ squad  ãƒãƒ³
ç”š,"ç”š excessive  ã‚¸ãƒ³  ã¯ãªã¯.ã ã—ã„ excessive, severe  ã¯ãªã¯.ã  immensely, greatly"
å¦Š,å¦Š pregnant  ãƒ‹ãƒ³
ç¥‰,ç¥‰ welfare  ã‚·
ç£,"ç£ beast  ã‚¸ãƒ¥ã‚¦  ã‘ã‚‚ã® beast, animal"
ç–¾,ç–¾ rapidly  ã‚·ãƒ„
å¡¾,å¡¾ cram school  ã‚¸ãƒ¥ã‚¯
æ½Ÿ,æ½Ÿ lagoon  ã‹ãŸ  -ãŒãŸ
æ¹¿,æ¹¿ damp  ã‚·ãƒ„  ã—ã‚.ã‚‹ to be/become damp  ã—ã‚.ã™ to moisten
æ’²,æ’² slap  ãƒœã‚¯
å¡Š,"å¡Š clod  ã‚«ã‚¤  ã‹ãŸã¾ã‚Š clod, lump"
çµ,çµ wring (out)  ã‚³ã‚¦  ã—ã¼.ã‚‹ to wring; to squeeze  ã—.ã‚ã‚‹ to wring; to strangle  ã—.ã¾ã‚‹ to be strangled; to be constricted
å±¥,"å±¥ wear  ãƒª  ã¯.ã to wear (shoes, trousers)"
è‹—,è‹— seedling  ãƒ“ãƒ§ã‚¦  ãªã‚-  ãªãˆ
èŠ‹,èŠ‹ potato  ã„ã‚‚
å†—,å†— superfluous  ã‚¸ãƒ§ã‚¦
é™¶,é™¶ pottery  ãƒˆã‚¦
åŠ±,åŠ± encourage  ãƒ¬ã‚¤  ã¯ã’.ã¾ã™ to encourage  ã¯ã’.ã‚€ to strive
é™³,é™³ exhibit  ãƒãƒ³
çŒ¿,çŒ¿ monkey  ã‚¨ãƒ³  ã•ã‚‹
è‘›,"è‘› arrowroot  ã‚«ãƒ„  ããš arrowroot, kudzu"
å‚˜,å‚˜ umbrella  ã‚µãƒ³  ã‹ã•
è’¸,è’¸ heat with steam  ã‚¸ãƒ§ã‚¦  ã‚€.ã™ to heat with steam  ã‚€.ã‚Œã‚‹ to be steamed; to get musty  ã‚€.ã‚‰ã™ to cook with steam
å•“,å•“ disclose  ã‚±ã‚¤
åŠ£,åŠ£ inferior  ãƒ¬ãƒ„  ãŠã¨.ã‚‹ to be inferior to
æ’¤,æ’¤ withdraw  ãƒ†ãƒ„
æ®´,"æ®´ assault  ã‚ªã‚¦  ãªã.ã‚‹ to assault, hit"
ç›¾,ç›¾ shield  ã‚¸ãƒ¥ãƒ³  ãŸã¦
è¡°,"è¡° grow weak  ã‚¹ã‚¤  ãŠã¨ã‚.ãˆã‚‹ to grow weak, decline"
æ»,æ» waterfall  ãŸã
æ…°,"æ…° console  ã‚¤  ãªãã•.ã‚ã‚‹ to console  ãªãã•.ã‚€ to be diverted, to forget one's worries"
è›‡,è›‡ snake  ã‚¸ãƒ£  ãƒ€  ã¸ã³
æ¢¨,æ¢¨ Japanese pear tree  ãªã—
ç™–,ç™– personal habit  ãƒ˜ã‚­  ãã›
æ½¤,"æ½¤ moisten  ã‚¸ãƒ¥ãƒ³  ã†ã‚‹ãŠ.ã™ to moisten, to wet; to benefit, to profit  ã†ã‚‹ãŠ.ã† to be wet  ã†ã‚‹.ã‚€ to be moist, be dull"
è“,è“ candy  ã‚«
é‰¢,é‰¢ bowl  ãƒãƒ„  ãƒãƒ
æˆ¯,"æˆ¯ frolic  ã‚®  ãŸã‚ã‚€.ã‚Œã‚‹ to frolic, to play"
è…¸,è…¸ intestines  ãƒãƒ§ã‚¦
å,å lean towards  ãƒ˜ãƒ³  ã‹ãŸã‚ˆ.ã‚‹ to lean towards
å·£,å·£ nest  ã‚½ã‚¦  ã™ a nest
å®´,å®´ banquet  ã‚¨ãƒ³
è€•,"è€• cultivate  ã‚³ã‚¦  ãŸãŒã‚„.ã™ to cultivate, to plow, to till"
ç‚‰,ç‚‰ hearth  ãƒ­
æ£Ÿ,æ£Ÿ ridge of a roof  ãƒˆã‚¦  ã‚€ã­  ã‚€ãª-
æ´,æ´ cave  ãƒ‰ã‚¦  ã»ã‚‰
ç‹©,ç‹© hunt  ã‚·ãƒ¥  ã‹.ã‚Š hunting  ã‹.ã‚‹ to hunt
é™›,é™› his Highness  ãƒ˜ã‚¤
ç£,ç£ magnetism  ã‚¸
æ½”,"æ½” gallant  ã‚±ãƒ„  ã„ã•ãã‚ˆ.ã„ gallant, manly; upright; undefiled, clean"
è†œ,è†œ membrane  ãƒã‚¯
ä¹,"ä¹ poor  ãƒœã‚¦  ã¨ã¼.ã—ã„ poor, scanty"
ç¥¥,ç¥¥ good omen  ã‚·ãƒ§ã‚¦
æ›½,æ›½ formerly  ã‚½ã‚¦  ã‚¾
èˆ—,èˆ— pavement  ãƒ›
æŠ½,æŠ½ extract  ãƒãƒ¥ã‚¦
ç¡,ç¡ drowsy  ã‚¹ã‚¤
è³­,"è³­ gamble  ãƒˆ  ã‹.ã‘ã‚‹ to gamble, wager, bet"
æ‹¬,æ‹¬ fasten  ã‚«ãƒ„
è²¢,"è²¢ support  ã‚³ã‚¦  ã‚¯  ã¿ã¤.ã to support (financially), to pay tribute"
çŠ ,çŠ  sacrifice  ã‚®
ç²—,"ç²— coarse  ã‚½  ã‚ã‚‰.ã„ coarse, rough"
å‘,"å‘ shabby  ãƒ’  ã„ã‚„.ã—ã„ shabby, mean, vulgar  ã„ã‚„.ã—ã‚€  ã„ã‚„.ã—ã‚ã‚‹ to disdain, scorn"
è²¼,è²¼ stick  ãƒãƒ§ã‚¦  ã¯.ã‚‹ to stick
æ‹‰,æ‹‰ kidnap  ãƒ©
ç‰²,ç‰² animal sacrifice  ã‚»ã‚¤
å¸†,å¸† sail  ãƒãƒ³  ã»
æŒ¿,æŒ¿ insert  ã‚½ã‚¦  ã•.ã™ to insert
ç¿»,"ç¿» flutter  ãƒ›ãƒ³  ã²ã‚‹ãŒãˆ.ã‚‹ to flutter, to flap  ã²ã‚‹ãŒãˆ.ã™ to change one's mind; to fly (flag, etc.)"
ç¾Š,ç¾Š sheep  ãƒ¨ã‚¦  ã²ã¤ã˜
æ•,æ• pillow  ã¾ãã‚‰
éŒ¯,éŒ¯ confused  ã‚µã‚¯
è¬™,è¬™ self-effacing  ã‚±ãƒ³
é‰±,é‰± mineral  ã‚³ã‚¦
ç ,ç  pearl  ã‚·ãƒ¥
è“„,"è“„ store  ãƒã‚¯  ãŸãã‚.ãˆã‚‹ to store, to save"
æ‹“,æ‹“ clear the way  ã‚¿ã‚¯
é¼“,é¼“ hand drum  ã‚³  ã¤ã¥ã¿
è†š,è†š skin  ãƒ•
ç²‹,"ç²‹ purity  ã‚¹ã‚¤  ã„ã chic, style"
å°‰,å°‰ military officer  ã‚¤
èƒƒ,èƒƒ stomach  ã‚¤
å,å empress  ã‚³ã‚¦
ç²˜,"ç²˜ sticky  ãƒãƒ³  ã­ã°.ã‚‹ to be sticky, tenacious"
æŠ«,æŠ« exposed  ãƒ’
å¾,å¾ gradually  ã‚¸ãƒ§
æ‚¦,æ‚¦ ecstasy  ã‚¨ãƒ„
å ª,"å ª endure  ã‚«ãƒ³  ãŸ.ãˆã‚‹ to endure, withstand"
æŒŸ,æŒŸ put between  ã‚­ãƒ§ã‚¦  ã¯ã•.ã‚€ to put between  ã¯ã•.ã¾ã‚‹ to be caught between
å† ,å†  crown  ã‚«ãƒ³  ã‹ã‚“ã‚€ã‚Š
éƒŠ,éƒŠ suburbs  ã‚³ã‚¦
æ„‰,æ„‰ pleasure  ãƒ¦
å°¿,å°¿ urine  ãƒ‹ãƒ§ã‚¦
é¡,é¡ chin  ã‚¬ã‚¯  ã‚ã”
èª“,"èª“ vow  ã‚»ã‚¤  ã¡ã‹.ã† to vow, swear"
æ†‚,"æ†‚ grieve  ãƒ¦ã‚¦  ã†ã‚Œ.ãˆã‚‹ to grieve, to be distressed  ã†ã‚Œ.ã„ sorrow  ã†.ã„ unhappy"
ç°¿,ç°¿ record book  ãƒœ
ç³§,"ç³§ provisions  ãƒªãƒ§ã‚¦  ãƒ­ã‚¦  ã‹ã¦ provisions, food"
æ¶,æ¶ to erect  ã‚«  ã‹.ã‘ã‚‹  ã‹.ã‹ã‚‹ to be erected
èŠ½,èŠ½ bud  ã‚¬  ã‚ a bud
è»¸,è»¸ axis  ã‚¸ã‚¯
è‹›,è‹› irritation  ã‚«  ã„ã‚‰
è“‹,è“‹ lid  ã‚¬ã‚¤  ãµãŸ
éŠ…,éŠ… copper  ãƒ‰ã‚¦
ç›†,ç›† tray  ãƒœãƒ³
å‡¶,å‡¶ villain  ã‚­ãƒ§ã‚¦
å¦ƒ,å¦ƒ queen  ãƒ’
åº¶,åº¶ commoner  ã‚·ãƒ§
ç§©,ç§© regularity  ãƒãƒ„
è£¾,è£¾ foot of a mountain  ã™ã foot of a mountain; cuff; hem
å¹½,å¹½ secluded  ãƒ¦ã‚¦
å‡¡,å‡¡ simple  ãƒãƒ³  ãƒœãƒ³
æ¼ ,æ¼  vague  ãƒã‚¯
æ‹™,"æ‹™ bungling  ã‚»ãƒ„  ã¤ãŸãª.ã„ bungling, clumsy, unskillful"
æ’,æ’ constancy  ã‚³ã‚¦
æš¦,æš¦ calendar  ãƒ¬ã‚­  ã“ã‚ˆã¿
è…«,"è…« tumour  ã‚·ãƒ¥  ã¯.ã‚Œã‚‹ to swell  ã¯.ã‚Œ a swelling, a boil  ã¯.ã‚‰ã™ to inflame"
å³ ,"å³  ridge  ã¨ã†ã’ ridge, mountain pass"
å®°,å®° superintend  ã‚µã‚¤
è›®,è›® barbarian  ãƒãƒ³
çª®,çª® reach an extreme  ã‚­ãƒ¥ã‚¦  ãã‚.ã¾ã‚‹ to reach an extreme  ãã‚.ã‚ã‚‹ to go to extremes
æ“¦,"æ“¦ chafe  ã‚µãƒ„  ã™.ã‚‹ to chafe, rub  ã™.ã‚Œã‚‹ to wear out, to be rubbed"
çˆª,çˆª claw  ã¤ã‚  ã¤ã¾- claw; fingernail
ç¨š,ç¨š immature  ãƒ
è¾±,"è¾± humiliate  ã‚¸ãƒ§ã‚¯  ã¯ãšã‹ã—.ã‚ã‚‹ to humiliate, disgrace"
åµ,åµ storm  ã‚ã‚‰ã—
æ†¤,æ†¤ indignant  ãƒ•ãƒ³  ã„ãã©ãŠ.ã‚‹ to be indignant (at)
ç™’,"ç™’ cure  ãƒ¦  ã„.ãˆã‚‹ to get better, to heal  ã„ã‚„.ã™ to cure"
é¬±,é¬± depression  ã‚¦ãƒ„
ç–,"ç– estranged  ã‚½  ã†ã¨.ã„ estranged from  ã†ã¨.ã‚€ to shun, slight"
é›°,é›° atmosphere  ãƒ•ãƒ³
å½°,å½° patent  ã‚·ãƒ§ã‚¦
è‚º,è‚º lungs  ãƒã‚¤
å‚‘,å‚‘ excellence  ã‚±ãƒ„
æ‹˜,æ‹˜ arrest  ã‚³ã‚¦
é »,é » repeatedly  ãƒ’ãƒ³
ç·¯,ç·¯ horizontal  ã‚¤
å¦–,"å¦– bewitching  ãƒ¨ã‚¦  ã‚ã‚„.ã—ã„ suspicious-looking, dubious"
è±š,"è±š pork  ãƒˆãƒ³  ã¶ãŸ pork, pig"
è—,è— indigo  ãƒ©ãƒ³  ã‚ã„
çŸ›,çŸ› halberd  ãƒ   ã»ã“
é›,"é› to temper  ã‚¿ãƒ³  ããŸ.ãˆã‚‹ to temper, forge"
ç¹Š,ç¹Š slender  ã‚»ãƒ³
ç¸«,ç¸« sew  ãƒ›ã‚¦  ã¬.ã† to sew
æŠŠ,æŠŠ grasp; bundle  ãƒ
æ¥¼,æ¥¼ watchtower  ãƒ­ã‚¦
æ‰,"æ‰ capture  ã‚½ã‚¯  ã¨ã‚‰.ãˆã‚‹ to capture, seize"
æ¼¬,"æ¼¬ pickle  ã¤.ã‘ã‚‹ to pickle, soak  ã¤.ã‹ã‚‹ to be soaked in, well seasoned"
ç´³,ç´³ gentleman  ã‚·ãƒ³
é£½,"é£½ grow weary  ãƒ›ã‚¦  ã‚.ãã‚‹ to grow weary of  ã‚.ã‹ã™ to feed up; to bore, surfeit"
å®›,"å®› address  ã‚ã¦ address, destination  ã‚.ã¦ã‚‹ to address"
é–¥,é–¥ clique  ãƒãƒ„
æ—‹,æ—‹ rotate  ã‚»ãƒ³
åª,åª tsubo  ã¤ã¼ a tsubo (area covering two tatami)
å´–,å´– cliff  ã‚¬ã‚¤  ãŒã‘
é¶,é¶ chicken  ã‚±ã‚¤  ã«ã‚ã¨ã‚Š
éˆ,éˆ dull  ãƒ‰ãƒ³  ã«ã¶.ã„  ã«ã¶.ã‚‹ to become dull
å³¡,å³¡ gorge  ã‚­ãƒ§ã‚¦
æº,æº ditch  ã‚³ã‚¦  ã¿ã
æœ´,æœ´ simple; magnolia  ãƒœã‚¯
è»Œ,è»Œ rut  ã‚­
ç“¦,ç“¦ tile  ã‚¬  ã‹ã‚ã‚‰
å–ª,å–ª mourning  ã‚½ã‚¦  ã‚‚
å¢¨,"å¢¨ black ink  ãƒœã‚¯  ã™ã¿ black ink, ink stick"
ç–«,ç–« epidemic  ã‚¨ã‚­  ãƒ¤ã‚¯
è²,è² shellfish  ã‹ã„
é,é everywhere  ãƒ˜ãƒ³
æ¿,"æ¿ muddy  ãƒ€ã‚¯  ã«ã”.ã‚‹ to become muddy, turbid  ã«ã”.ã™ to make muddy"
ç¼¶,ç¼¶ can  ã‚«ãƒ³
æ‰‡,æ‰‡ folding fan  ã‚»ãƒ³  ãŠã†ã
æ¯,æ¯ wither  ã‚³  ã‹.ã‚Œã‚‹ to wither  ã‹.ã‚‰ã™ to let wither; to dry out (tr)
æ‹³,æ‹³ fist  ã‚±ãƒ³  ã“ã¶ã— a fist
ä¹™,ä¹™ second  ã‚ªãƒ„
é…µ,é…µ ferment  ã‚³ã‚¦
å ¤,å ¤ embankment  ãƒ†ã‚¤  ã¤ã¤ã¿
é˜»,"é˜» thwart  ã‚½  ã¯ã°.ã‚€ to thwart, deter"
æ¡‘,æ¡‘ mulberry  ã‚½ã‚¦  ãã‚
è™œ,è™œ captive  ãƒªãƒ§
ä¹,"ä¹ beg  ã“.ã† to beg, request"
æ­,"æ­ respectful  ã‚­ãƒ§ã‚¦  ã†ã‚„ã†ã‚„.ã—ã„ respectful, reverent"
é˜,é˜ bell  ã‚·ãƒ§ã‚¦  ã‹ã­
å‰°,å‰° surplus  ã‚¸ãƒ§ã‚¦
æ…ˆ,"æ…ˆ affection  ã‚¸  ã„ã¤ã.ã—ã‚€ to treat with affection, love"
å¾„,å¾„ diameter  ã‚±ã‚¤
åŸ¹,"åŸ¹ cultivate  ãƒã‚¤  ã¤ã¡ã‹.ã† to cultivate, to plow"
æ“,æ“ hug  ãƒ¨ã‚¦
éƒ­,éƒ­ quarters  ã‚«ã‚¯
å‘ª,å‘ª curse  ã‚¸ãƒ¥  ã®ã‚.ã†
ç •,ç • smash  ã‚µã‚¤  ãã .ã to smash  ãã .ã‘ã‚‹ to be smashed
æ±°,æ±° luxury  ã‚¿
å‹ƒ,å‹ƒ sudden  ãƒœãƒ„
ç¿,ç¿ venerable old man  ã‚ªã‚¦
çµ¹,çµ¹ silk  ã‚±ãƒ³  ãã¬
è­œ,è­œ music  ãƒ•
é™µ,é™µ mausoleum  ãƒªãƒ§ã‚¦  ã¿ã•ã•ã imperial mausoleum
ç—´,ç—´ stupidity  ãƒ
ç¬›,"ç¬› flute  ãƒ†ã‚­  ãµãˆ flute, whistle"
æ˜§,æ˜§ dark  ãƒã‚¤
è¨Ÿ,è¨Ÿ sue  ã‚·ãƒ§ã‚¦
å”¾,å”¾ saliva  ãƒ€  ã¤ã°
è‚ª,è‚ª obese  ãƒœã‚¦
å¡€,å¡€ fence  ãƒ˜ã‚¤
ç¢,ç¢ Go  ã‚´
æ•¢,æ•¢ daring  ã‚«ãƒ³
å¡,å¡ base (in baseball)  ãƒ«ã‚¤
æ»´,"æ»´ drip  ãƒ†ã‚­  ã—ãšã to drip, drop  ã—ãŸãŸ.ã‚‹ to drip, to trickle"
æš,"æš dawn  ã‚®ãƒ§ã‚¦  ã‚ã‹ã¤ã dawn, daybreak"
èƒ´,èƒ´ torso  ãƒ‰ã‚¦
è¬¡,è¬¡ chant Noh  ãƒ¨ã‚¦  ã†ãŸ.ã„ a Noh chant  ã†ãŸ.ã† to chant Noh
é£¢,"é£¢ starving  ã‚­  ã†.ãˆã‚‹ to starve, to be hungry"
æ¬„,æ¬„ column  ãƒ©ãƒ³
è‰¶,"è‰¶ glossy  ã‚¨ãƒ³  ã¤ã‚„ gloss, lustre"
ç—•,ç—• scar  ã‚³ãƒ³  ã‚ã¨
æ€ ,æ€  neglect  ã‚¿ã‚¤  ãŠã“ãŸ.ã‚‹ to neglect  ãªã¾.ã‘ã‚‹ to be lazy
æ¬º,"æ¬º deceive  ã‚®  ã‚ã–ã‚€.ã to deceive, cheat"
å¼¦,"å¼¦ bowstring  ã‚²ãƒ³  ã¤ã‚‹ bowstring, cord"
æ³¡,æ³¡ bubble  ãƒ›ã‚¦  ã‚ã‚
è«¦,"è«¦ resign oneself  ãƒ†ã‚¤  ã‚ãã‚‰.ã‚ã‚‹ to resign oneself to, give up"
ä¼,ä¼ fell (an enemy)  ãƒãƒ„
é¤…,é¤… mochi  ãƒ˜ã‚¤  ã‚‚ã¡
å¯®,å¯® dormitory  ãƒªãƒ§ã‚¦
ç¬¦,ç¬¦ sign  ãƒ•
å„,å„ unlucky  ãƒ¤ã‚¯
å¥”,å¥” bustle  ãƒ›ãƒ³
ç³,ç³ pupil (of the eye)  ãƒ‰ã‚¦  ã²ã¨ã¿ pupil of the eye
æ˜†,æ˜† descendants  ã‚³ãƒ³
æ¤,æ¤ beech tree  ãƒ„ã‚¤
æ‡‡,"æ‡‡ friendship  ã‚³ãƒ³  ã­ã‚“ã”.ã‚ friendship, intimacy"
å”„,å”„ song  ã†ãŸ song (esp. shamisen song)
æ¸¦,"æ¸¦ whirlpool  ã‚«  ã†ãš whirlpool, eddy"
è¥Ÿ,è¥Ÿ collar  ã‚­ãƒ³  ãˆã‚Š
åŸ,åŸ sing  ã‚®ãƒ³
è¦‡,è¦‡ domination  ãƒ
è¡¡,è¡¡ equilibrium  ã‚³ã‚¦
ç•œ,ç•œ animal raising  ãƒã‚¯
å‘ˆ,å‘ˆ display  ãƒ†ã‚¤
éš™,éš™ gap  ã‚²ã‚­  ã™ã a gap
æ·«,"æ·« lewd  ã‚¤ãƒ³  ã¿ã .ã‚‰ lewd, licentious"
å¨ ,å¨  with child  ã‚·ãƒ³
å¾ª,å¾ª sequential  ã‚¸ãƒ¥ãƒ³
æ‡²,æ‡² learn from experience  ãƒãƒ§ã‚¦  ã“.ã‚Šã‚‹ to learn from experience  ã“.ã‚‰ã™  ã“.ã‚‰ã—ã‚ã‚‹ to punish
éŒ¦,éŒ¦ brocade  ã‚­ãƒ³  ã«ã—ã
çŒŸ,çŒŸ game hunting  ãƒªãƒ§ã‚¦
å¹£,å¹£ cash  ãƒ˜ã‚¤
é™„,é™„ affix  ãƒ•
ç®‡,ç®‡ item  ã‚«
é†œ,é†œ ugly  ã‚·ãƒ¥ã‚¦  ã¿ã«ã.ã„
è»Ÿ,è»Ÿ soft  ãƒŠãƒ³  ã‚„ã‚.ã‚‰ã‹  ã‚„ã‚.ã‚‰ã‹ã„
ç®¸,ç®¸ chopsticks  ã¯ã—
æ¿¯,æ¿¯ laundry  ã‚¿ã‚¯
æˆš,æˆš relative  ã‚»ã‚­
å–š,å–š yell  ã‚«ãƒ³
ç´º,ç´º navy blue  ã‚³ãƒ³
æŸ,æŸ a certain  ãƒœã‚¦
é‹¼,é‹¼ steel  ã‚³ã‚¦  ã¯ãŒã­
è¤’,è¤’ praise  ãƒ›ã‚¦  ã».ã‚ã‚‹ to praise
èµ´,"èµ´ proceed towards  ãƒ•  ãŠã‚‚ã‚€.ã to proceed towards, to go, to become"
åª’,åª’ go-between  ãƒã‚¤
å¦¬,å¦¬ envy  ãƒˆ  ã­ãŸ.ã‚€ to envy
é®,"é® intercept  ã‚·ãƒ£  ã•ãˆã.ã‚‹ to intercept, obstruct"
çª¯,çª¯ kiln  ãƒ¨ã‚¦  ã‹ã¾
ä¾¯,ä¾¯ daimyo  ã‚³ã‚¦
éš»,éš» ships  ã‚»ã‚­
é‡œ,é‡œ iron pot; kettle  ã‹ã¾
èŒ,"èŒ stalk  ã‚±ã‚¤  ãã stalk, stem"
è”‘,"è”‘ contempt  ãƒ™ãƒ„  ã•ã’ã™.ã‚€ to scorn, to despise"
å—…,"å—… sniff  ã‚­ãƒ¥ã‚¦  ã‹.ã to sniff, to smell"
å£Œ,å£Œ plot (of land)  ã‚¸ãƒ§ã‚¦
èœœ,èœœ honey  ãƒŸãƒ„
å°¼,å°¼ nun  ãƒ‹  ã‚ã¾
è‚¢,è‚¢ limb  ã‚·
èµ¦,èµ¦ pardon  ã‚·ãƒ£
é…¬,é…¬ reward  ã‚·ãƒ¥ã‚¦
æˆ´,æˆ´ to present  ã‚¿ã‚¤
è© ,è©  compose a poem  ã‚¨ã‚¤  ã‚ˆ.ã‚€ to compose / write (a poem)
æ–—,æ–— Big Dipper  ãƒˆ
å®œ,å®œ best regards  ã‚®
æ®»,"æ®» shell  ã‚«ã‚¯  ã‹ã‚‰ shell, husk"
å¢³,å¢³ tomb  ãƒ•ãƒ³
ç‚Š,"ç‚Š cook  ã‚¹ã‚¤  ãŸ.ã to cook, to kindle"
ç¢‘,ç¢‘ tombstone  ãƒ’
ä¼º,ä¼º visit  ã‚·  ã†ã‹ãŒ.ã† to visit; to ask
ç—©,ç—© to get thin  ã‚½ã‚¦  ã‚„.ã›ã‚‹
ä½†,ä½† however  ãŸã .ã—
å¥¨,å¥¨ exhort  ã‚·ãƒ§ã‚¦
è·µ,è·µ step  ã‚»ãƒ³
æ»‹,æ»‹ luxuriant  ã‚¸
å„’,å„’ Confucius  ã‚¸ãƒ¥
æ²¸,æ²¸ boil  ãƒ•ãƒ„  ã‚.ã‹ã™ to bring to a boil  ã‚.ã to be boiling
è–¦,è–¦ recommend  ã‚»ãƒ³  ã™ã™.ã‚ã‚‹ to recommend
æ€¨,æ€¨ grudge  ã‚¨ãƒ³  ã‚ªãƒ³
æ›‡,æ›‡ cloudy  ãƒ‰ãƒ³  ãã‚‚.ã‚‹ to be cloudy
æ ½,æ ½ plant  ã‚µã‚¤
åˆˆ,åˆˆ reap  ã‹.ã‚‹ to reap; to cut
é–‘,é–‘ leisure  ã‚«ãƒ³
éŒ ,éŒ  lock  ã‚¸ãƒ§ã‚¦
æ‰¶,æ‰¶ aid  ãƒ•
å¦¥,å¦¥ peace  ãƒ€
å¦¨,"å¦¨ disturb  ãƒœã‚¦  ã•ã¾ãŸ.ã’ã‚‹ to disturb, to hamper"
é†’,é†’ wake up  ã‚»ã‚¤
è©£,"è©£ go deep  ã‚±ã‚¤  ğŸ‘Œã‚‚ã†.ã§ pilgrimmage, temple visit"
èƒ,èƒ womb  ã‚¿ã‚¤
çªŸ,çªŸ cavern  ã‚¯ãƒ„
å·¾,å·¾ turban; cloth  ã‚­ãƒ³
èœ‚,"èœ‚ bee  ãƒ›ã‚¦  ã¯ã¡ bee, wasp, hornet"
å¿Œ,"å¿Œ mourning  ã‚­  ã„.ã¾ã‚ã—ã„ disgusting, abominable  ã„.ã‚€ to loathe, abhor"
éª¸,éª¸ corpse  ã‚¬ã‚¤
å¼„,å¼„ play with; ridicule  ãƒ­ã‚¦  ã‚‚ã¦ã‚ã.ã¶ to play with
å«‰,å«‰ hate  ã‚·ãƒ„
ç²›,ç²› solemn  ã‚·ãƒ¥ã‚¯
ç½µ,"ç½µ abuse  ãƒ  ã®ã®ã—.ã‚‹ to abuse, to insult, to swear"
å›š,å›š prisoner  ã‚·ãƒ¥ã‚¦
é‰›,é‰› lead  ã‚¨ãƒ³  ãªã¾ã‚Š
è‚¯,è‚¯ agreement  ã‚³ã‚¦
ç‡¥,ç‡¥ dry up  ã‚½ã‚¦
æ­,æ­ load  ãƒˆã‚¦
è«­,"è«­ rebuke  ãƒ¦  ã•ã¨.ã™ to rebuke, admonish"
ç’§,ç’§ Chinese artifact  ãƒ˜ã‚­
é˜œ,é˜œ hill  ãƒ•
å–,å– hoarse  ã‚«ãƒ„
äº«,äº« enjoyment  ã‚­ãƒ§ã‚¦
é¨°,é¨° inflation  ãƒˆã‚¦
å—£,å—£ heir  ã‚·
å‹…,å‹… Imperial Order  ãƒãƒ§ã‚¯
ç¯¤,ç¯¤ serious  ãƒˆã‚¯
å‹²,å‹² merit  ã‚¯ãƒ³
åŸ¼,åŸ¼ cape  ã•ã„
ä¼,ä¼ technique  ã‚­
æ›–,æ›– dark  ã‚¢ã‚¤
è©,è© lie  ã‚µ
é¤Œ,é¤Œ bait  ã‚¸  ãˆ  ãˆã•
å²¬,"å²¬ headland  ã¿ã•ã headland, cape"
æš«,æš« temporarily  ã‚¶ãƒ³
çˆ½,çˆ½ refreshing  ã‚½ã‚¦  ã•ã‚.ã‚„ã‹
è‚–,è‚– resemble  ã‚·ãƒ§ã‚¦
è©®,è©® result  ã‚»ãƒ³
è«¾,è«¾ consent  ãƒ€ã‚¯
é›¶,é›¶ zero  ãƒ¬ã‚¤
æŸ¿,æŸ¿ persimmon  ã‹ã
èŠ¯,èŠ¯ core  ã‚·ãƒ³
ç¶»,"ç¶» unravel  ã‚¿ãƒ³  ã»ã“ã‚.ã³ã‚‹ to unravel, come apart"
è¨‚,è¨‚ revise  ãƒ†ã‚¤
æ±½,æ±½ steam  ã‚­
è–«,è–« fragrant  ã‚¯ãƒ³  ã‹ãŠ.ã‚‹ to be fragrant
éš·,éš· slave  ãƒ¬ã‚¤
ä¿µ,"ä¿µ sack  ãƒ’ãƒ§ã‚¦  ãŸã‚ã‚‰ sack, straw bag"
é·,é· change  ã‚»ãƒ³
æ¢,æ¢ hinge  ã‚¹ã‚¦
è‚˜,è‚˜ elbow  ã²ã˜
éº“,éº“ foot of a mountain  ãƒ­ã‚¯  ãµã‚‚ã¨
æ†§,"æ†§ yearn for  ã‚·ãƒ§ã‚¦  ã‚ã“ãŒ.ã‚Œã‚‹ to yearn for, long for"
å¸¥,å¸¥ commander  ã‚¹ã‚¤
æ¼†,"æ¼† varnish  ã‚·ãƒ„  ã†ã‚‹ã— varnish, lacquer"
é…Œ,é…Œ bartending  ã‚·ãƒ£ã‚¯  ã.ã‚€ to have a drink with
é “,é “ suddenly  ãƒˆãƒ³
è³ ,è³  compensation  ãƒã‚¤
æ¸‡,æ¸‡ thirsty  ã‚«ãƒ„  ã‹ã‚.ã to be / become thirsty
æ…•,"æ…• pine  ãƒœ  ã—ãŸ.ã† to long for, to pine"
å©¿,å©¿ bridegroom  ã‚»ã‚¤  ã‚€ã“
å¦„,å¦„ delusion  ãƒœã‚¦  ãƒ¢ã‚¦
æ…¨,æ…¨ regret  ã‚¬ã‚¤
åŒ¿,åŒ¿ hide  ãƒˆã‚¯
æ¸“,æ¸“ mountain stream  ã‚±ã‚¤
ä¾®,"ä¾® disdain  ãƒ–  ã‚ãªã©.ã‚‹ to disdain, scorn"
é«„,é«„ marrow  ã‚ºã‚¤
ç©€,ç©€ cereal  ã‚³ã‚¯
è–ª,è–ª fuel  ã‚·ãƒ³  ãŸãã firewood
è½„,è½„ control  ã‚«ãƒ„
æ´ª,æ´ª flood  ã‚³ã‚¦
ç‰™,"ç‰™ tusk  ã‚¬  ã‚²  ãã° tusk, tooth, fang"
å’½,å’½ choke  ã‚¤ãƒ³
è¿…,è¿… fast  ã‚¸ãƒ³
è©²,è©² above-stated  ã‚¬ã‚¤
é€,é€ pursue  ãƒã‚¯
å˜²,"å˜² make fun of  ãƒãƒ§ã‚¦  ã‚ã–ã‘.ã‚‹ to make fun of, to ridicule, to scorn"
å¢œ,å¢œ crash  ãƒ„ã‚¤
è‡†,è‡† timid  ã‚ªã‚¯
é¤“,é¤“ starve  ã‚¬
æŒ«,æŒ« broken  ã‚¶
éŒ¬,éŒ¬ temper (metal)  ãƒ¬ãƒ³
æ¡Ÿ,æ¡Ÿ scaffold  ã‚µãƒ³
æºº,æºº drown  ãƒ‡ã‚­  ãŠã¼.ã‚Œã‚‹ to drown; to indulge
è³„,"è³„ bribe  ãƒ¯ã‚¤  ã¾ã‹ãª.ã† to provide for, to board"
ç›²,ç›² blind  ãƒ¢ã‚¦
é¯¨,é¯¨ whale  ã‚²ã‚¤  ãã˜ã‚‰
ä¾¶,ä¾¶ companion  ãƒªãƒ§
è‰‡,è‰‡ rowing boat  ãƒ†ã‚¤
ä¸¼,ä¸¼ bowl of food  ã©ã‚“ã¶ã‚Š  ã©ã‚“-
å •,å • degenerate  ãƒ€
ç˜,ç˜ swelling; tumor  ãƒ¨ã‚¦
æ§½,æ§½ vat  ã‚½ã‚¦
æ†©,æ†© relax  ã‚±ã‚¤  ã„ã“.ã† to relax  ã„ã“.ã„ relaxation
åƒ…,åƒ… very little  ã‚­ãƒ³  ã‚ãš.ã‹
é–²,é–² inspection  ã‚¨ãƒ„
æŸµ,æŸµ fence  ã‚µã‚¯
ç•”,ç•” paddy ridge  ãƒãƒ³
ç¦,ç¦ intimate  ãƒœã‚¯
å”†,"å”† tempt  ã‚µ  ããã®ã‹.ã™ to tempt, to entice"
æ‚¼,"æ‚¼ grieve  ãƒˆã‚¦  ã„ãŸ.ã‚€ to grieve over, lament"
å,å official  ãƒª
ç©«,ç©« harvest  ã‚«ã‚¯
é…¢,é…¢ vinegar  ã‚µã‚¯  ã™
è³œ,"è³œ grant  ã‚·  ãŸã¾ã‚.ã‚‹ to grant, bestow"
è…,è… kidney  ã‚¸ãƒ³
æ¢—,æ¢— blockage  ã‚³ã‚¦
ç‘ ,ç‘  lapis lazuli  ãƒ«
ç¾¨,ç¾¨ envious  ã›ã‚“  ã†ã‚‰ã‚„.ã¾ã—ã„  ã†ã‚‰ã‚„.ã‚€ to be envious
æ¬,æ¬ conveyor  ãƒãƒ³
å‰–,å‰– divide  ãƒœã‚¦
é…,é… sake  ãƒãƒ¥ã‚¦
ç•¿,ç•¿ city  ã‚­
å®µ,å®µ wee hours  ã‚·ãƒ§ã‚¦  ã‚ˆã„
æ‹,æ‹ kidnap  ã‚«ã‚¤
é†¸,é†¸ brew  ã‚¸ãƒ§ã‚¦  ã‹ã‚‚.ã™ to brew
çŒ¶,çŒ¶ furthermore  ãƒ¦ã‚¦
è«®,è«® consult with  ã‚·  ã¯ã‹.ã‚‹ to consult with
ç•,ç• fear  ã‚¤  ğŸ‘ŒãŠã.ã‚‹ to fear
æ³Œ,æ³Œ ooze  ãƒ’ãƒ„  ãƒ’
æ„,æ„ distress  ã‚·ãƒ¥ã‚¦  ã†ã‚Œ.ã„  ã†ã‚Œ.ãˆã‚‹ to be distressed
é€,"é€ die  ã‚»ã‚¤  ã„.ã  ã‚†.ã to die, pass away"
æœ½,"æœ½ decay  ã‚­ãƒ¥ã‚¦  ã.ã¡ã‚‹ to decay, rot"
ç¡«,ç¡« sulphur  ãƒªãƒ¥ã‚¦
ç­,ç­ plain  ãƒªãƒ§ã‚¦
æ“¬,æ“¬ imitation  ã‚®
å™,å™ confer  ã‚¸ãƒ§
å¼Š,å¼Š abuse  ãƒ˜ã‚¤
ç´¯,ç´¯ accumulate  ãƒ«ã‚¤
ç…©,"ç…© worry  ãƒãƒ³  ãƒœãƒ³  ã‚ãšã‚‰.ã† to worry, suffer from  ã‚ãšã‚‰.ã‚ã™ to trouble, bother, annoy"
è¸ª,è¸ª footprint  ã‚½ã‚¦
è—»,è—» seaweed  ã‚½ã‚¦  ã‚‚
èšŠ,èšŠ mosquito  ã‹
æ ƒ,æ ƒ horse chestnut  ã¨ã¡
ä¸”,"ä¸” and another  ã‹.ã¤ and another, moreover"
é‹³,"é‹³ cast (metal)  ãƒãƒ¥ã‚¦  ã„.ã‚‹ to cast, to mint"
å±,å± scold  ã‚·ãƒ„  ã—ã‹.ã‚‹ to scold
è”½,è”½ cover  ãƒ˜ã‚¤
èŒ¨,"èŒ¨ briar  ã„ã°ã‚‰ briar, bramble"
æ£º,æ£º coffin  ã‚«ãƒ³
æ…„,æ…„ afraid; tremble  ãƒªãƒ„
å‚²,å‚² treat someone  ã‚´ã‚¦
ç¡,ç¡ nitrate  ã‚·ãƒ§ã‚¦
èˆ¶,èˆ¶ ship  ãƒã‚¯
ç§Ÿ,ç§Ÿ tariff  ã‚½
å€£,å€£ imitate  ãƒ›ã‚¦  ãªã‚‰.ã† to imitate
è¬¹,"è¬¹ discreet  ã‚­ãƒ³  ã¤ã¤ã—.ã‚€ to be discreet, careful"
æŠ¹,æŠ¹ erase  ãƒãƒ„
è™¹,è™¹ rainbow  ã«ã˜
æ»,æ» twist  ãƒãƒ³
å¨¯,å¨¯ pleasure  ã‚´
è‡¼,è‡¼ mortar  ã‚­ãƒ¥ã‚¦  ã†ã™ a mortar
å–©,å–© illustrate  ãƒ¦
è,"è lose strength  ã‚¤  ãª.ãˆã‚‹ to lose strength, to become weak, to wither"
è›,è› firefly  ã‚±ã‚¤  ã»ãŸã‚‹
çª’,çª’ plug up  ãƒãƒ„
è…º,è…º gland  ã‚»ãƒ³
æ¡,"æ¡ column  ã‘ãŸ column, girder; digit"
ç©,ç© toy  ã‚¬ãƒ³
å†¶,å†¶ melt  ãƒ¤
ç¾,ç¾ ashamed  ã‚·ãƒ¥ã‚¦
æ “,æ “ plug  ã‚»ãƒ³
æƒ§,æƒ§ fear  ã‚°
å¯¡,å¯¡ widow  ã‚«
ç•,"ç• furrow  ã†ã­ furrow, ridge"
æ·‘,æ·‘ graceful  ã‚·ãƒ¥ã‚¯
å«¡,å«¡ wife  ãƒãƒ£ã‚¯
å±¯,å±¯ barracks  ãƒˆãƒ³
ç³¾,ç³¾ twist  ã‚­ãƒ¥ã‚¦
é¡,"é¡ go upstream  ã‚½  ã•ã‹ã®ã¼.ã‚‹ to go upstream, to retrace the past"
é™ª,é™ª attend on  ãƒã‚¤
é›Œ,é›Œ female  ã‚·  ã‚-  ã‚ã™
èˆ·,èˆ· gunwale  ã‚²ãƒ³
éœœ,éœœ frost  ã‚½ã‚¦  ã—ã‚‚
æ®‰,æ®‰ martyrdom  ã‚¸ãƒ¥ãƒ³
ç´¡,"ç´¡ make yarn  ãƒœã‚¦  ã¤ã‚€.ã to make yarn, to spin; to spin (a tale)"
è²ª,è²ª covet  ãƒ‰ãƒ³  ã‚€ã•ã¼.ã‚‹ to covet
åº¸,åº¸ commonplace  ãƒ¨ã‚¦
éŸ»,éŸ» rhyme  ã‚¤ãƒ³
ç¹•,"ç¹• mend  ã‚¼ãƒ³  ã¤ãã‚.ã† to mend, to do repairs"
æ¾,"æ¾ squeeze  ã‚µã‚¯  ã—ã¼.ã‚‹ to squeeze, to wring"
åˆ¹,åˆ¹ temple  ã‚µãƒ„  ã‚»ãƒ„
é‡‡,é‡‡ die; dice  ã‚µã‚¤
å †,å † piled high  ã‚¿ã‚¤
ç¦,ç¦ calamity  ã‚«
ç…,ç… boil  ã‚»ãƒ³  ã„.ã‚‹ to fry
å§»,å§» matrimony  ã‚¤ãƒ³
æ–‘,æ–‘ spot  ãƒãƒ³
å†¥,å†¥ dark  ãƒ¡ã‚¤  ãƒŸãƒ§ã‚¦
æŠ„,æŠ„ select  ã‚·ãƒ§ã‚¦
æ‹·,æ‹· torture  ã‚´ã‚¦
éœ,éœ humble  ã‚½ãƒ³
æ—º,æ—º flourishing  ã‚ªã‚¦
å‡†,å‡† quasi-  ã‚¸ãƒ¥ãƒ³
å‹¾,å‹¾ capture  ã‚³ã‚¦
å»‰,å»‰ bargain  ãƒ¬ãƒ³
ç¤,ç¤ reef  ã‚·ãƒ§ã‚¦
å£±,å£± one  ã‚¤ãƒ
éºº,éºº noodles  ãƒ¡ãƒ³
å‡,å‡ measure  ã¾ã™ a measure (of a drink)
å¸,å¸ sell wholesale  ãŠã‚.ã™ to sell wholesale  ãŠã‚ã— wholesaling
è€—,è€— consume  ãƒ¢ã‚¦  ã‚³ã‚¦
è¬,è¬ audience  ã‚¨ãƒ„
ç’ƒ,ç’ƒ glass  ãƒª
å‘,å‘ pit  ã‚³ã‚¦
ä¸²,ä¸² skewer  ãã— a skewer
å¼”,"å¼” mourn  ãƒãƒ§ã‚¦  ã¨ã‚€ã‚‰.ã† to mourn, condole"
è³“,è³“ VIP  ãƒ’ãƒ³
å¡¡,å¡¡ insert  ãƒ†ãƒ³
ç—¢,ç—¢ diarrhea  ãƒª
åš‡,"åš‡ menacing  ã‚«ã‚¯  ãŠã©.ã™ to menace, to threaten"
æ¿«,æ¿« overflow  ãƒ©ãƒ³
ä¿¸,ä¿¸ salary  ãƒ›ã‚¦
ç®‹,ç®‹ composition  ã‚»ãƒ³
å‡¸,å‡¸ convex  ãƒˆãƒ„
è„Š,è„Š spine  ã‚»ã‚­
è©”,è©” imperial edict  ã‚·ãƒ§ã‚¦  ã¿ã“ã¨ã®ã‚Š an imperial edict
ç·»,ç·» detailed  ãƒ
å‡¹,å‡¹ concave  ã‚ªã‚¦
ç½·,ç½· quit  ãƒ’
æ¼¸,æ¼¸ gradually  ã‚¼ãƒ³
è³¦,è³¦ levy  ãƒ•
å¼§,å¼§ arc  ã‚³
è¤,è¤ brown  ã‚«ãƒ„
è¾£,è¾£ bitter  ãƒ©ãƒ„
æ‘¯,æ‘¯ seriousness  ã‚·
æ±,æ± pan-  ãƒãƒ³
æ–¥,æ–¥ reject  ã‚»ã‚­
å˜,å˜ tiny  ãƒªãƒ³
çŸ¯,"çŸ¯ straighten  ã‚­ãƒ§ã‚¦  ãŸ.ã‚ã‚‹ to straighten, to correct"
æ¯€,æ¯€ destroy  ã‚­
çªƒ,çªƒ stealth  ã‚»ãƒ„
éµ,éµ abide by  ã‚¸ãƒ¥ãƒ³
è³‚,è³‚ bribe  ãƒ­
æƒ°,æƒ° laziness  ãƒ€
èš•,èš• silkworm  ã‚µãƒ³  ã‹ã„ã“
æ°¾,æ°¾ spread out  ãƒãƒ³
è«§,è«§ joke  ã‚«ã‚¤
å€¹,å€¹ thrifty  ã‚±ãƒ³
æ¬¾,æ¬¾ goodwill  ã‚«ãƒ³
åª›,åª› beautiful woman  ã‚¨ãƒ³
æ†¾,æ†¾ remorse  ã‚«ãƒ³
å“º,å“º raise  ãƒ›
è¡·,è¡· inmost  ãƒãƒ¥ã‚¦
å½™,å½™ compile  ã‚¤
è¿­,è¿­ transfer  ãƒ†ãƒ„
å˜±,å˜± entrust  ã‚·ãƒ§ã‚¯
æ£,æ£ selfish  ã‚·
å¢¾,å¢¾ groundbreaking  ã‚³ãƒ³
é€“,é€“ parcel post  ãƒ†ã‚¤
åŠ¾,åŠ¾ censure  ã‚¬ã‚¤
é…ª,é…ª whey  ãƒ©ã‚¯
æ²ƒ,æ²ƒ fertile  ãƒ¨ã‚¯
å¡‘,å¡‘ model  ã‚½
ç—˜,ç—˜ pox  ãƒˆã‚¦
æ†¬,æ†¬ yearn for  ã‚±ã‚¤
æœ•,æœ• royal we; we  ãƒãƒ³
è™,"è™ concern  ãŠãã‚Œ concern, uneasiness, worry"
ä¸™,ä¸™ third  ãƒ˜ã‚¤
æ–¤,æ–¤ axe  ã‚­ãƒ³
æ—,æ— make progress  ãƒãƒ§ã‚¯
å¼,å¼ two  ãƒ‹
è¨ƒ,è¨ƒ news of someone's death  ãƒ•
è¬„,è¬„ copy  ãƒˆã‚¦
ç¹­,ç¹­ cocoon  ã‚±ãƒ³  ã¾ã‚†
ç’½,ç’½ imperial seal  ã‚¸
é ’,é ’ partition  ãƒãƒ³
éŒ®,éŒ® tie  ã‚³
å‰¥,"å‰¥ peel off  ãƒã‚¯  ã¯.ãŒã™ to peel off, tear off  ã¯.ã to peel  ã¯.ãŒã‚Œã‚‹ to come unstuck  ã¯.ã’ã‚‹ to come off, to wear off"
ç± ,ç±  seclude  ãƒ­ã‚¦  ã“.ã‚‚ã‚‹ to seclude oneself  ã‹ã” basket
æ¥·,æ¥· model  ã‚«ã‚¤
é °,é ° cheek  ã»ãŠ